url,finalUrl,status,httpStatus,elapsedMs,sourceType,productIds,productNames,error
https://anuashop.jp/products/side0011,https://anuashop.jp/products/side0011,ok,200,307,official-product,22,Anua PDRN ヒアルロン酸カプセル100セラム,
https://cnp-laboratory.jp/item/99/,https://cnp-laboratory.jp/item/99/,ok,200,146,official-product,95,CNP Laboratory プロポリス アンプルミスト,
https://goodalcosmetic.jp/products/goodal-green-tangerine-dark-spot-c-v%E3%82%AF%E3%83%AC%E3%83%B3%E3%82%B8%E3%83%B3%E3%82%B0%E3%83%95%E3%82%A9%E3%83%BC%E3%83%A0-150ml,https://goodalcosmetic.jp/products/goodal-green-tangerine-dark-spot-c-v%E3%82%AF%E3%83%AC%E3%83%B3%E3%82%B8%E3%83%B3%E3%82%B0%E3%83%95%E3%82%A9%E3%83%BC%E3%83%A0-150ml,ok,200,207,official-product,196,グーダル 青みかんビタCクレンジングフォーム,
https://int.aestura.com/products/atobarrier365-cream,https://int.aestura.com/products/atobarrier365-cream,ok,200,206,official-product,39,AESTURA アトバリア365 クリーム,
https://jp.aestura.com/products/atobarrier365-cream,https://jp.aestura.com/products/atobarrier365-cream,ok,200,191,official-product,39,AESTURA アトバリア365 クリーム,
https://jp.rohto.com/melanocc/essence/,https://jp.rohto.com/melanocc/essence/,ok,200,202,official-product,28,メラノCC 薬用しみ集中対策 美容液,
https://jp.rohto.com/melanocc/promotion/essence/,https://jp.rohto.com/melanocc/promotion/essence/,ok,200,88,official-brand,28,メラノCC 薬用しみ集中対策 美容液,
https://lululun.com/shop/products/LUAA091101,https://lululun.com/shop/products/LUAA091101,ok,200,478,official-successor,62,ルルルン プレシャス GREEN（バランス）,
https://lululun.com/shop/products/pg4fb-2111,https://lululun.com/shop/products/pg4fb-2111,ok,200,509,official-product,62,ルルルン プレシャス GREEN（バランス）,
https://maihada.jp/site/g/gPRBE/,https://maihada.jp/site/g/gPRBE/,ok,200,299,official-product,177,コーセー 米肌 肌潤改善エッセンス,
https://maihada.jp/site/g/gPREC/,https://maihada.jp/site/g/gPREC/,ok,200,449,official-product,142,コーセー 米肌 活潤リフト クリーム,
https://maison.kose.co.jp/site/sekkisei/g/gMTSE/,https://maison.kose.co.jp/site/sekkisei/g/gMTSE/,ok,200,515,official-successor,157,KOSE 雪肌精 みずみずしい化粧水,
https://medicube.us/products/rose-pdrn-pink-peptide-serum,https://medicube.us/products/rose-pdrn-pink-peptide-serum,ok,200,191,official-product,23,メディキューブ PDRN ピンクアンプル,
https://numbuzin.jp/product/3%E7%95%AA-%E3%81%99%E3%81%B9%E3%81%99%E3%81%B9%E3%82%AD%E3%83%A1%E3%82%B1%E3%82%A2%E3%82%BB%E3%83%A9%E3%83%A0/20/,https://numbuzin.jp/product/3%E7%95%AA-%E3%81%99%E3%81%B9%E3%81%99%E3%81%B9%E3%82%AD%E3%83%A1%E3%82%B1%E3%82%A2%E3%82%BB%E3%83%A9%E3%83%A0/20/,ok,200,458,official-product,36,NUMBUZIN 3番 すべすべキメケアセラム,
https://prtimes.jp/main/html/rd/p/000000043.000056098.html,https://prtimes.jp/main/html/rd/p/000000043.000056098.html,ok,200,54,official-press-release,196,グーダル 青みかんビタCクレンジングフォーム,
https://tansan-kenko.com/hottab/,https://tansan-kenko.com/hottab/,ok,200,178,official-brand,166,HotTab 重炭酸入浴剤,
https://tansan-kenko.com/hottab/faq,https://tansan-kenko.com/hottab/faq,ok,200,230,official-brand,166,HotTab 重炭酸入浴剤,
https://themedicube.jp/products/pdrn-pinkpeptideserum,https://themedicube.jp/products/pdrn-pinkpeptideserum,ok,200,200,official-product,23,メディキューブ PDRN ピンクアンプル,
https://top.dhc.co.jp/contents/guide/newsrelease/pdf/130702.pdf,https://top.dhc.co.jp/contents/guide/newsrelease/pdf/130702.pdf,ok,200,94,official-pdf,135,DHC 薬用ディープクレンジングオイル,
https://top.dhc.co.jp/contents/skin/deepcleansing/,https://top.dhc.co.jp/contents/skin/deepcleansing/,ok,200,114,official-brand,135,DHC 薬用ディープクレンジングオイル,
https://vtcosmetics.jp/product/cica-%E3%83%9E%E3%82%A4%E3%83%AB%E3%83%89%E3%83%88%E3%83%8A%E3%83%BC%E3%83%91%E3%83%83%E3%83%89/220/,https://vtcosmetics.jp/,redirect,200,421,official-product,206,VT CICA マイルドトナーパッド,
https://www.attenir.co.jp/item/1662-47,https://www.attenir.co.jp/item/1662-47,ok,200,222,official-product,168,アテニア スキンクリア クレンズ オイル アロマタイプ,
https://www.attenir.co.jp/special/cleanse/index.html,https://www.attenir.co.jp/special/cleanse/index.html,ok,200,42,official-brand,168,アテニア スキンクリア クレンズ オイル アロマタイプ,
https://www.bioderma.jp/pages/faq,https://www.bioderma.jp/pages/faq,ok,200,181,official-brand,82,ビオデルマ サンシビオ エイチツーオー D,
https://www.bioderma.jp/pages/news_price,https://www.bioderma.jp/pages/news_price,ok,200,186,official-brand,82,ビオデルマ サンシビオ エイチツーオー D,
https://www.ci-labo.com/shop/item/SkinCare/AquaCollagengel/00112094.html,https://www.ci-labo.com/shop/item/SkinCare/AquaCollagengel/00112094.html,ok,200,1077,official-successor,117,ドクターシーラボ アクアコラーゲンゲル スーパーモイスチャー,
https://www.cledepeau-beaute.com/jp/products/skincare/creams/H071.html,https://www.cledepeau-beaute.com/jp/products/skincare/creams/H071.html,ok,200,209,official-successor,38,クレ・ド・ポー ボーテ ラ クレームN,
https://www.esteelauder.jp/product/689/77491/product-catalog/skincare/repair-serum/advanced-night-repair/synchronized-multi-recovery-complex,https://www.esteelauder.jp/product/689/77491/product-catalog/skincare/repair-serum/advanced-night-repair/synchronized-multi-recovery-complex,blocked,403,61,official-successor,75,エスティローダー アドバンス ナイト リペア,
https://www.fancl.co.jp/beauty/micle/index.html?scid=Mai-Aut-D_625_01,https://www.fancl.co.jp/beauty/micle/index.html?scid=Mai-Aut-D_625_01,ok,200,53,official-product,49,ファンケル マイルドクレンジングオイル,
https://www.innisfree.jp/products/black-tea-youth-serum-1566,https://www.innisfree.jp/products/black-tea-youth-serum-1566,ok,200,200,official-product,30,イニスフリー ブラックティー ユースセラム,
https://www.kanebo-cosmetics.jp/dew/products/dew/lotion/,https://www.kanebo-cosmetics.jp/dew/products/dew/lotion/,ok,200,147,official-successor,19,DEW ローション コンセントレート,
https://www.kao-kirei.com/ja/item/kbb/curel/4901301423221/,https://www.kao-kirei.com/ja/item/kbb/curel/4901301423221/,ok,200,75,official-product,40,キュレル 潤浸保湿フェイスクリーム,
https://www.kao-kirei.com/ja/item/khg/bioresarasarauv/4901301447647/,https://www.kao-kirei.com/ja/item/khg/bioresarasarauv/4901301447647/,ok,200,64,official-product,56,ビオレUV アクアリッチ ウォータリーエッセンス,
https://www.kao-kirei.com/ja/item/khg/mensbiore/4901301257666/,https://www.kao-kirei.com/ja/item/khg/mensbiore/4901301257666/,ok,200,57,official-product,227,メンズビオレ ダブルスクラブ洗顔,
https://www.kao-kirei.com/ja/item/khg/mensbiore/4901301257680/,https://www.kao-kirei.com/ja/item/khg/mensbiore/4901301257680/,ok,200,56,official-product,230,メンズビオレ ミクロスクラブ洗顔,
https://www.kao-kirei.com/ja/item/khg/mensbiore/4901301261991/,https://www.kao-kirei.com/ja/item/khg/mensbiore/4901301261991/,ok,200,54,official-product,217,メンズビオレ 泡タイプ洗顔 つめかえ,
https://www.kao-kirei.com/ja/official/curel/special/facecream/,https://www.kao-kirei.com/ja/official/curel/special/facecream/,ok,200,64,official-brand,40,キュレル 潤浸保湿フェイスクリーム,
https://www.kiehls.jp/skincare/face-product/face-eye/creamy-eye-treatment-with-avocado/3700194714413.html,https://www.kiehls.jp/skincare/face-product/face-eye/creamy-eye-treatment-with-avocado/3700194714413.html,blocked,403,58,official-product,91,キールズ アイ トリートメント AV,
https://www.kiehls.jp/skincare/face-product/face-serums/retinol-skin-renewing-daily-micro-dose-serum/WW0124KIE.html,https://www.kiehls.jp/skincare/face-product/face-serums/retinol-skin-renewing-daily-micro-dose-serum/WW0124KIE.html,blocked,403,52,official-product,192,キールズ DS RTN リニューイング セラム,
https://www.laroche-posay.jp/product/cicaplast-baume-b5.html,https://www.laroche-posay.jp/product/cicaplast-baume-b5.html,blocked,403,61,official-product,122,ラロッシュポゼ シカプラスト バーム B5+,
https://www.muji.com/jp/ja/store/cmdty/detail/4550583434991,,timeout,,12002,official-successor,3,無印良品 化粧水 敏感肌用 高保湿タイプ,The operation was aborted due to timeout
https://www.muji.com/jp/ja/store/cmdty/detail/4550584085369,,timeout,,12015,official-product,154,無印良品 ホホバオイル,The operation was aborted due to timeout
https://www.mybeautydiary-jp.com/lineup/,https://www.mybeautydiary-jp.com/lineup/,ok,200,28,official-brand,64,我的美麗日記（私のきれい日記）黒真珠マスク,
https://www.mybeautydiary-jp.com/lineup/blackpearl.html,https://www.mybeautydiary-jp.com/lineup/blackpearl.html,ok,200,38,official-product,64,我的美麗日記（私のきれい日記）黒真珠マスク,
https://www.naturie-net.jp/,https://www.naturie-net.jp/,ok,200,1808,official-brand,10,ナチュリエ ハトムギ化粧水,
https://www.naturie-net.jp/variation,https://www.naturie-net.jp/variation,ok,200,1805,official-product,10,ナチュリエ ハトムギ化粧水,
https://www.nivea.co.jp/highlights/youcan,https://www.nivea.co.jp/highlights/youcan,ok,200,434,official-brand,37,ニベアクリーム 大缶,
https://www.nivea.co.jp/products/nivea-japan/all-purpose-creams/%E3%83%8B%E3%83%99%E3%82%A2%E3%82%AF%E3%83%AA%E3%83%BC%E3%83%A0-%E5%A4%A7%E7%BC%B6,https://www.nivea.co.jp/products/nivea-japan/all-purpose-creams/%E3%83%8B%E3%83%99%E3%82%A2%E3%82%AF%E3%83%AA%E3%83%BC%E3%83%A0-%E5%A4%A7%E7%BC%B6,ok,200,465,official-product,37,ニベアクリーム 大缶,
https://www.nutima-su.com/slide/osirase.pdf,https://www.nutima-su.com/slide/osirase.pdf,ok,200,84,official-pdf,199,ぬちまーす リュウミネ 石鹸,
https://www.rosette.jp/Form/Product/ProductDetail.aspx?pid=054186-900&shop=0,https://www.rosette.jp/Form/Product/ProductDetail.aspx?pid=054186-900&shop=0,ok,200,283,official-product,193,ロゼット 洗顔パスタ アクネクリア,
https://www.rosette.jp/Page/guide_faq.aspx,https://www.rosette.jp/Page/guide_faq.aspx,ok,200,150,official-brand,193,ロゼット 洗顔パスタ アクネクリア,
https://www.shiseido.co.jp/dprogram/product/acnecare_serum/,https://www.shiseido.co.jp/dprogram/product/acnecare_serum/,ok,200,53,official-product,205,d プログラム 薬用 アクネケア美容液,
https://www.shiseido.co.jp/haku/faq/,https://www.shiseido.co.jp/haku/faq/,ok,200,49,official-brand,159,HAKU メラノフォーカスEV,
https://www.shiseido.co.jp/haku/lineup/melanofocusiv/,https://www.shiseido.co.jp/haku/lineup/melanofocusiv/,ok,200,147,official-successor,159,HAKU メラノフォーカスEV,
https://www.shiseido.co.jp/sw/onlinestore/products/H26401.html,https://www.shiseido.co.jp/sw/onlinestore/products/H26401.html,ok,200,41,official-product,205,d プログラム 薬用 アクネケア美容液,
https://www.shop.rohto.co.jp/category/skincare/hadalabo/shirojyun-premium/168446.html,https://www.shop.rohto.co.jp/category/skincare/hadalabo/shirojyun-premium/168446.html,ok,200,273,official-product,17,ハダラボ 白潤プレミアム 薬用浸透美白化粧水,
https://www.shop.rohto.co.jp/category/skincare/melanocc/191048.html,https://www.shop.rohto.co.jp/category/skincare/melanocc/191048.html,ok,200,183,official-product,203,ロート製薬 メラノCC ディープデイケアUV乳液,
https://www.shop.rohto.co.jp/category/skincare/obagi/obagi-c/199891.html,https://www.shop.rohto.co.jp/category/skincare/obagi/obagi-c/199891.html,ok,200,194,official-product,24,オバジ C25セラム ネオ,
https://www.vtcosmetics.jp/product/%E3%83%AA%E3%83%BC%E3%83%89%E3%83%AB%E3%82%B7%E3%83%A7%E3%83%83%E3%83%88300/653/,https://www.vtcosmetics.jp/product/%E3%83%AA%E3%83%BC%E3%83%89%E3%83%AB%E3%82%B7%E3%83%A7%E3%83%83%E3%83%88300/653/,ok,200,194,official-product,179,VT リードルショット 300,
