id,name,brand,category,editorialStatus,qualityLevel,sourceCoverage,officialProductPage,officialSourceType,sourceCount,lastVerified,currentStatus,actualUse,priority5,claimRisk,severity,missingFields,nextAction,internalLinks,columnLinks,ranking,priorityScore,priorityReason
1,キュレル 潤浸保湿化粧水 III（とてもしっとり）,キュレル,化粧水,editorial,D,insufficient,,,0,,status_unknown,false,false,product_specific_source_missing | ingredient_tag_not_officially_verified,Low,product_specific_official_page | manufacturer_category | content_amount | usage | verified_ingredients | current_status,商品専用メーカー公式ページを調査し、商品状態・仕様・成分タグを確認,36,19,true,55,ランキング導線あり・コラムリンク19件・内部リンク36件・編集部参考指標4.6以上
2,肌ラボ 極潤 ヒアルロン液,ロート製薬,化粧水,editorial,D,insufficient,,,0,,status_unknown,false,false,product_specific_source_missing | ingredient_tag_not_officially_verified,Low,product_specific_official_page | manufacturer_category | content_amount | usage | verified_ingredients | current_status,商品専用メーカー公式ページを調査し、商品状態・仕様・成分タグを確認,14,6,true,46,ランキング導線あり・コラムリンク6件・内部リンク14件
3,無印良品 化粧水 敏感肌用 高保湿タイプ,無印良品,化粧水,editorial,B,mostly_complete,,official-successor,1,2026-08-10,legacy,false,true,ingredient_tag_not_officially_verified,Low,product_specific_official_page | verified_ingredients,掲載世代と現行品の対応を再確認し、旧製品案内を維持,9,2,true,29,ランキング導線あり・コラムリンク2件・内部リンク9件
4,Anua ドクダミ77% スージングトナー,Anua,化粧水,editorial,D,insufficient,,,0,,status_unknown,false,false,product_specific_source_missing | ingredient_tag_not_officially_verified,Low,product_specific_official_page | manufacturer_category | content_amount | usage | verified_ingredients | current_status,商品専用メーカー公式ページを調査し、商品状態・仕様・成分タグを確認,81,14,true,55,ランキング導線あり・コラムリンク14件・内部リンク81件・編集部参考指標4.6以上
5,ミノン アミノモイスト モイストチャージローション II,第一三共ヘルスケア,化粧水,editorial,D,insufficient,,,0,,status_unknown,false,false,product_specific_source_missing | ingredient_tag_not_officially_verified,Low,product_specific_official_page | manufacturer_category | content_amount | usage | verified_ingredients | current_status,商品専用メーカー公式ページを調査し、商品状態・仕様・成分タグを確認,20,7,true,52,ランキング導線あり・コラムリンク7件・内部リンク20件
6,ヒフミド エッセンスローション,小林製薬,化粧水,editorial,D,insufficient,,,0,,status_unknown,false,false,product_specific_source_missing | ingredient_tag_not_officially_verified,Low,product_specific_official_page | manufacturer_category | content_amount | usage | verified_ingredients | current_status,商品専用メーカー公式ページを調査し、商品状態・仕様・成分タグを確認,22,10,false,40,コラムリンク10件・内部リンク22件
7,イニスフリー グリーンティー ヒアルロン スキン,イニスフリー,化粧水,editorial,D,insufficient,,,0,,status_unknown,false,false,product_specific_source_missing | ingredient_tag_not_officially_verified,Low,product_specific_official_page | manufacturer_category | content_amount | usage | verified_ingredients | current_status,商品専用メーカー公式ページを調査し、商品状態・仕様・成分タグを確認,9,1,true,25,ランキング導線あり・コラムリンク1件・内部リンク9件
8,ファンケル モイストリファイン 化粧液 II,ファンケル,化粧水,editorial,D,insufficient,,,0,,status_unknown,false,false,product_specific_source_missing | ingredient_tag_not_officially_verified,Low,product_specific_official_page | manufacturer_category | content_amount | usage | verified_ingredients | current_status,商品専用メーカー公式ページを調査し、商品状態・仕様・成分タグを確認,8,1,false,12,コラムリンク1件・内部リンク8件
9,アクアレーベル バランスケア ローション,資生堂,化粧水,editorial,D,insufficient,,,0,,status_unknown,false,false,product_specific_source_missing | ingredient_tag_not_officially_verified,Low,product_specific_official_page | manufacturer_category | content_amount | usage | verified_ingredients | current_status,商品専用メーカー公式ページを調査し、商品状態・仕様・成分タグを確認,12,4,false,28,コラムリンク4件・内部リンク12件
10,ナチュリエ ハトムギ化粧水,イミュ,化粧水,editorial,A,complete,https://www.naturie-net.jp/variation,official-brand | official-product,2,2026-08-10,current,false,true,ingredient_tag_not_officially_verified,Low,verified_ingredients,不足項目を公式情報で確認: verified_ingredients,20,8,false,40,コラムリンク8件・内部リンク20件
11,Torriden ダイブイン 低分子ヒアルロン酸トナー,Torriden,化粧水,editorial,D,insufficient,,,0,,status_unknown,false,false,product_specific_source_missing | ingredient_tag_not_officially_verified,Low,product_specific_official_page | manufacturer_category | content_amount | usage | verified_ingredients | current_status,商品専用メーカー公式ページを調査し、商品状態・仕様・成分タグを確認,23,6,true,55,ランキング導線あり・コラムリンク6件・内部リンク23件・編集部参考指標4.6以上
12,ちふれ 化粧水 とてもしっとりタイプ,ちふれ,化粧水,editorial,D,insufficient,,,0,,status_unknown,false,false,product_specific_source_missing | ingredient_tag_not_officially_verified,Low,product_specific_official_page | manufacturer_category | content_amount | usage | verified_ingredients | current_status,商品専用メーカー公式ページを調査し、商品状態・仕様・成分タグを確認,9,0,true,21,ランキング導線あり・内部リンク9件
13,オルビス クリアフル ローション M,オルビス,化粧水,editorial,D,insufficient,,,0,,status_unknown,false,false,product_specific_source_missing | ingredient_tag_not_officially_verified,Low,product_specific_official_page | manufacturer_category | content_amount | usage | verified_ingredients | current_status,商品専用メーカー公式ページを調査し、商品状態・仕様・成分タグを確認,10,0,false,10,内部リンク10件
14,SK-II フェイシャルトリートメントクリアローション,SK-II,化粧水,editorial,D,insufficient,,,0,,status_unknown,false,false,product_specific_source_missing | ingredient_tag_not_officially_verified,Low,product_specific_official_page | manufacturer_category | content_amount | usage | verified_ingredients | current_status,商品専用メーカー公式ページを調査し、商品状態・仕様・成分タグを確認,13,3,true,40,ランキング導線あり・コラムリンク3件・内部リンク13件・編集部参考指標4.6以上
15,VT シカ マイルドトナー,VT Cosmetics,化粧水,editorial,D,insufficient,,,0,,status_unknown,false,false,product_specific_source_missing | ingredient_tag_not_officially_verified,Low,product_specific_official_page | manufacturer_category | content_amount | usage | verified_ingredients | current_status,商品専用メーカー公式ページを調査し、商品状態・仕様・成分タグを確認,11,2,false,19,コラムリンク2件・内部リンク11件
16,d プログラム バランスケア ローション MB,資生堂,化粧水,editorial,D,insufficient,,,0,,status_unknown,false,false,product_specific_source_missing | ingredient_tag_not_officially_verified,Low,product_specific_official_page | manufacturer_category | content_amount | usage | verified_ingredients | current_status,商品専用メーカー公式ページを調査し、商品状態・仕様・成分タグを確認,9,0,true,21,ランキング導線あり・内部リンク9件
17,ハダラボ 白潤プレミアム 薬用浸透美白化粧水,ロート製薬,化粧水,editorial,A,complete,https://www.shop.rohto.co.jp/category/skincare/hadalabo/shirojyun-premium/168446.html,official-product,1,2026-08-10,current,false,true,none,Low,usage,不足項目を公式情報で確認: usage,10,2,true,30,ランキング導線あり・コラムリンク2件・内部リンク10件
18,KOSE 米肌 肌潤化粧水,コーセー,化粧水,editorial,D,insufficient,,,0,,status_unknown,false,false,product_specific_source_missing | ingredient_tag_not_officially_verified,Low,product_specific_official_page | manufacturer_category | content_amount | usage | verified_ingredients | current_status,商品専用メーカー公式ページを調査し、商品状態・仕様・成分タグを確認,10,0,true,25,ランキング導線あり・内部リンク10件・編集部参考指標4.6以上
19,DEW ローション コンセントレート,カネボウ,化粧水,editorial,B,mostly_complete,,official-successor,1,2026-08-10,legacy,false,true,ingredient_tag_not_officially_verified,Low,product_specific_official_page | verified_ingredients,掲載世代と現行品の対応を再確認し、旧製品案内を維持,7,0,false,7,内部リンク7件
20,ロクシタン イモーテル プレシューズエッセンスフェース,ロクシタン,化粧水,editorial,D,insufficient,,,0,,status_unknown,false,false,product_specific_source_missing | ingredient_tag_not_officially_verified,Low,product_specific_official_page | manufacturer_category | content_amount | usage | verified_ingredients | current_status,商品専用メーカー公式ページを調査し、商品状態・仕様・成分タグを確認,7,0,false,7,内部リンク7件
21,SK-II フェイシャルトリートメントエッセンス,SK-II,美容液,editorial,D,insufficient,,,0,,status_unknown,false,false,product_specific_source_missing | ingredient_tag_not_officially_verified,Low,product_specific_official_page | manufacturer_category | content_amount | usage | verified_ingredients | current_status,商品専用メーカー公式ページを調査し、商品状態・仕様・成分タグを確認,68,2,true,43,ランキング導線あり・コラムリンク2件・内部リンク68件・編集部参考指標4.6以上
22,Anua PDRN ヒアルロン酸カプセル100セラム,Anua,美容液,editorial,A,complete,https://anuashop.jp/products/side0011,official-product,1,2026-08-10,current,false,true,none,Low,,定期的に公式URLと商品状態を再確認,72,4,true,51,ランキング導線あり・コラムリンク4件・内部リンク72件・編集部参考指標4.6以上
23,メディキューブ PDRN ピンクアンプル,MEDICUBE,美容液,editorial,A,complete,https://themedicube.jp/products/pdrn-pinkpeptideserum | https://medicube.us/products/rose-pdrn-pink-peptide-serum,official-product,2,2026-08-10,current,false,true,none,Low,usage,不足項目を公式情報で確認: usage,12,2,true,35,ランキング導線あり・コラムリンク2件・内部リンク12件・編集部参考指標4.6以上
24,オバジ C25セラム ネオ,ロート製薬,美容液,editorial,A,complete,https://www.shop.rohto.co.jp/category/skincare/obagi/obagi-c/199891.html,official-product,1,2026-08-10,current,false,true,none,Low,usage,不足項目を公式情報で確認: usage,19,7,true,54,ランキング導線あり・コラムリンク7件・内部リンク19件・編集部参考指標4.6以上
25,COSRX アドバンス スネイル 96 ムチンパワーエッセンス,COSRX,美容液,editorial,D,insufficient,,,0,,status_unknown,false,false,product_specific_source_missing | ingredient_tag_not_officially_verified,Low,product_specific_official_page | manufacturer_category | content_amount | usage | verified_ingredients | current_status,商品専用メーカー公式ページを調査し、商品状態・仕様・成分タグを確認,16,4,true,47,ランキング導線あり・コラムリンク4件・内部リンク16件・編集部参考指標4.6以上
26,Beauty of Joseon グロウセラム 米+アルブチン,Beauty of Joseon,美容液,editorial,D,insufficient,,,0,,status_unknown,false,false,product_specific_source_missing | ingredient_tag_not_officially_verified,Low,product_specific_official_page | manufacturer_category | content_amount | usage | verified_ingredients | current_status,商品専用メーカー公式ページを調査し、商品状態・仕様・成分タグを確認,11,0,false,14,内部リンク11件・編集部参考指標4.6以上
27,資生堂 アルティミューン パワライジングコンセントレート III,資生堂,美容液,editorial,D,insufficient,,,0,,status_unknown,false,false,product_specific_source_missing | ingredient_tag_not_officially_verified,Low,product_specific_official_page | manufacturer_category | content_amount | usage | verified_ingredients | current_status,商品専用メーカー公式ページを調査し、商品状態・仕様・成分タグを確認,66,2,true,43,ランキング導線あり・コラムリンク2件・内部リンク66件・編集部参考指標4.6以上
28,メラノCC 薬用しみ集中対策 美容液,ロート製薬,美容液,editorial,A,complete,https://jp.rohto.com/melanocc/essence/,official-product | official-brand,2,2026-08-10,current,true,true,none,Low,,定期的に公式URLと商品状態を再確認,20,9,false,56,コラムリンク9件・内部リンク20件・編集部実使用商品
29,Torriden ダイブイン セラム,Torriden,美容液,editorial,D,insufficient,,,0,,status_unknown,false,false,product_specific_source_missing | ingredient_tag_not_officially_verified,Low,product_specific_official_page | manufacturer_category | content_amount | usage | verified_ingredients | current_status,商品専用メーカー公式ページを調査し、商品状態・仕様・成分タグを確認,12,1,false,16,コラムリンク1件・内部リンク12件
30,イニスフリー ブラックティー ユースセラム,イニスフリー,美容液,editorial,A,complete,https://www.innisfree.jp/products/black-tea-youth-serum-1566,official-product,1,2026-08-10,current,false,true,none,Low,content_amount,不足項目を公式情報で確認: content_amount,7,0,false,7,内部リンク7件
31,VINTORTE アクアハイドロセラム,ヴァントルテ,美容液,editorial,D,insufficient,,,0,,status_unknown,false,false,product_specific_source_missing | ingredient_tag_not_officially_verified,Low,product_specific_official_page | manufacturer_category | content_amount | usage | verified_ingredients | current_status,商品専用メーカー公式ページを調査し、商品状態・仕様・成分タグを確認,8,1,false,12,コラムリンク1件・内部リンク8件
32,ロート製薬 Obagi C10セラム,ロート製薬,美容液,editorial,D,insufficient,,,0,,status_unknown,false,false,product_specific_source_missing | ingredient_tag_not_officially_verified,Low,product_specific_official_page | manufacturer_category | content_amount | usage | verified_ingredients | current_status,商品専用メーカー公式ページを調査し、商品状態・仕様・成分タグを確認,15,2,false,23,コラムリンク2件・内部リンク15件
33,Torriden バランスフル シカ セラム,Torriden,美容液,editorial,D,insufficient,,,0,,status_unknown,false,false,product_specific_source_missing | ingredient_tag_not_officially_verified,Low,product_specific_official_page | manufacturer_category | content_amount | usage | verified_ingredients | current_status,商品専用メーカー公式ページを調査し、商品状態・仕様・成分タグを確認,10,3,false,22,コラムリンク3件・内部リンク10件
34,ELIXIR エンリッチド リンクルクリーム S,資生堂,美容液,editorial,D,insufficient,,,0,,status_unknown,false,false,product_specific_source_missing | ingredient_tag_not_officially_verified,Low,product_specific_official_page | manufacturer_category | content_amount | usage | verified_ingredients | current_status,商品専用メーカー公式ページを調査し、商品状態・仕様・成分タグを確認,18,6,true,53,ランキング導線あり・コラムリンク6件・内部リンク18件・編集部参考指標4.6以上
35,ドクターシーラボ VC100エッセンスローションEX,ドクターシーラボ,美容液,editorial,D,insufficient,,,0,,status_unknown,false,false,product_specific_source_missing | ingredient_tag_not_officially_verified,Low,product_specific_official_page | manufacturer_category | content_amount | usage | verified_ingredients | current_status,商品専用メーカー公式ページを調査し、商品状態・仕様・成分タグを確認,11,2,false,19,コラムリンク2件・内部リンク11件
36,NUMBUZIN 3番 すべすべキメケアセラム,numbuzin,美容液,editorial,A,complete,https://numbuzin.jp/product/3%E7%95%AA-%E3%81%99%E3%81%B9%E3%81%99%E3%81%B9%E3%82%AD%E3%83%A1%E3%82%B1%E3%82%A2%E3%82%BB%E3%83%A9%E3%83%A0/20/,official-product,1,2026-08-10,current,false,true,ingredient_tag_not_officially_verified,Low,usage | verified_ingredients,"不足項目を公式情報で確認: usage, verified_ingredients",16,5,false,36,コラムリンク5件・内部リンク16件
37,ニベアクリーム 大缶,ニベア,保湿クリーム,editorial,A,complete,https://www.nivea.co.jp/products/nivea-japan/all-purpose-creams/%E3%83%8B%E3%83%99%E3%82%A2%E3%82%AF%E3%83%AA%E3%83%BC%E3%83%A0-%E5%A4%A7%E7%BC%B6,official-product | official-brand,2,2026-08-10,current,false,true,none,Low,,定期的に公式URLと商品状態を再確認,9,2,false,17,コラムリンク2件・内部リンク9件
38,クレ・ド・ポー ボーテ ラ クレームN,資生堂,保湿クリーム,editorial,B,mostly_complete,,official-successor,1,2026-08-10,status_unknown,false,true,none,Low,product_specific_official_page | current_status,"不足項目を公式情報で確認: product_specific_official_page, current_status",53,2,true,43,ランキング導線あり・コラムリンク2件・内部リンク53件・編集部参考指標4.6以上
39,AESTURA アトバリア365 クリーム,AESTURA,保湿クリーム,editorial,A,complete,https://jp.aestura.com/products/atobarrier365-cream | https://int.aestura.com/products/atobarrier365-cream,official-product,2,2026-08-10,current,false,true,none,Low,usage,不足項目を公式情報で確認: usage,54,0,true,35,ランキング導線あり・内部リンク54件・編集部参考指標4.6以上
40,キュレル 潤浸保湿フェイスクリーム,キュレル,保湿クリーム,editorial,A,complete,https://www.kao-kirei.com/ja/item/kbb/curel/4901301423221/,official-product | official-brand,2,2026-08-10,current,false,true,none,Low,,定期的に公式URLと商品状態を再確認,9,0,false,9,内部リンク9件
41,CeraVe 保湿クリーム,CeraVe,保湿クリーム,editorial,D,insufficient,,,0,,status_unknown,false,false,product_specific_source_missing | ingredient_tag_not_officially_verified,Low,product_specific_official_page | manufacturer_category | content_amount | usage | verified_ingredients | current_status,商品専用メーカー公式ページを調査し、商品状態・仕様・成分タグを確認,11,3,false,23,コラムリンク3件・内部リンク11件
42,キュレル エイジングケアシリーズ クリーム,キュレル,保湿クリーム,editorial,D,insufficient,,,0,,status_unknown,false,false,product_specific_source_missing | ingredient_tag_not_officially_verified,Low,product_specific_official_page | manufacturer_category | content_amount | usage | verified_ingredients | current_status,商品専用メーカー公式ページを調査し、商品状態・仕様・成分タグを確認,12,1,false,16,コラムリンク1件・内部リンク12件
43,Glow Recipe ウォーターメロングロウ モイストクリーム,Glow Recipe,保湿クリーム,editorial,D,insufficient,,,0,,status_unknown,false,false,product_specific_source_missing | ingredient_tag_not_officially_verified,Low,product_specific_official_page | manufacturer_category | content_amount | usage | verified_ingredients | current_status,商品専用メーカー公式ページを調査し、商品状態・仕様・成分タグを確認,7,0,false,7,内部リンク7件
44,ラロッシュポゼ トレリアン ウルトラ,ラロッシュポゼ,保湿クリーム,editorial,D,insufficient,,,0,,status_unknown,false,false,product_specific_source_missing | ingredient_tag_not_officially_verified,Low,product_specific_official_page | manufacturer_category | content_amount | usage | verified_ingredients | current_status,商品専用メーカー公式ページを調査し、商品状態・仕様・成分タグを確認,7,0,false,10,内部リンク7件・編集部参考指標4.6以上
45,ETUDE スンジョン センシティブクリーム,ETUDE,保湿クリーム,editorial,D,insufficient,,,0,,status_unknown,false,false,product_specific_source_missing | ingredient_tag_not_officially_verified,Low,product_specific_official_page | manufacturer_category | content_amount | usage | verified_ingredients | current_status,商品専用メーカー公式ページを調査し、商品状態・仕様・成分タグを確認,8,0,false,8,内部リンク8件
46,HABA スクワランクリーム,HABA,保湿クリーム,editorial,D,insufficient,,,0,,status_unknown,false,false,product_specific_source_missing | ingredient_tag_not_officially_verified,Low,product_specific_official_page | manufacturer_category | content_amount | usage | verified_ingredients | current_status,商品専用メーカー公式ページを調査し、商品状態・仕様・成分タグを確認,8,0,false,8,内部リンク8件
47,ロクシタン シア フェースクリーム,ロクシタン,保湿クリーム,editorial,D,insufficient,,,0,,status_unknown,false,false,product_specific_source_missing | ingredient_tag_not_officially_verified,Low,product_specific_official_page | manufacturer_category | content_amount | usage | verified_ingredients | current_status,商品専用メーカー公式ページを調査し、商品状態・仕様・成分タグを確認,9,0,false,9,内部リンク9件
48,ラロッシュポゼ エファクラー モウスW,ラロッシュポゼ,洗顔,editorial,D,insufficient,,,0,,status_unknown,false,false,product_specific_source_missing | ingredient_tag_not_officially_verified,Low,product_specific_official_page | manufacturer_category | content_amount | usage | verified_ingredients | current_status,商品専用メーカー公式ページを調査し、商品状態・仕様・成分タグを確認,13,2,true,36,ランキング導線あり・コラムリンク2件・内部リンク13件・編集部参考指標4.6以上
49,ファンケル マイルドクレンジングオイル,ファンケル,洗顔,editorial,A,complete,https://www.fancl.co.jp/beauty/micle/index.html?scid=Mai-Aut-D_625_01,official-product,1,2026-08-10,current,false,true,ingredient_tag_not_officially_verified,Low,verified_ingredients,不足項目を公式情報で確認: verified_ingredients,11,0,true,26,ランキング導線あり・内部リンク11件・編集部参考指標4.6以上
50,ビオレ ザ クレンズ オイルメイク落とし,花王,洗顔,editorial,D,insufficient,,,0,,status_unknown,false,false,product_specific_source_missing | ingredient_tag_not_officially_verified,Low,product_specific_official_page | manufacturer_category | content_amount | usage | verified_ingredients | current_status,商品専用メーカー公式ページを調査し、商品状態・仕様・成分タグを確認,10,0,false,10,内部リンク10件
51,CeraVe ハイドレイティングクレンザー,CeraVe,洗顔,editorial,D,insufficient,,,0,,status_unknown,false,false,product_specific_source_missing | ingredient_tag_not_officially_verified,Low,product_specific_official_page | manufacturer_category | content_amount | usage | verified_ingredients | current_status,商品専用メーカー公式ページを調査し、商品状態・仕様・成分タグを確認,10,3,false,22,コラムリンク3件・内部リンク10件
52,専科 パーフェクトホイップ,資生堂,洗顔,editorial,D,insufficient,,,0,,status_unknown,false,false,product_specific_source_missing | ingredient_tag_not_officially_verified,Low,product_specific_official_page | manufacturer_category | content_amount | usage | verified_ingredients | current_status,商品専用メーカー公式ページを調査し、商品状態・仕様・成分タグを確認,15,7,false,35,コラムリンク7件・内部リンク15件
53,Anua ヘチマ70 ポアクレンジングオイル,Anua,洗顔,editorial,D,insufficient,,,0,,status_unknown,false,false,product_specific_source_missing | ingredient_tag_not_officially_verified,Low,product_specific_official_page | manufacturer_category | content_amount | usage | verified_ingredients | current_status,商品専用メーカー公式ページを調査し、商品状態・仕様・成分タグを確認,10,3,false,22,コラムリンク3件・内部リンク10件
54,ロゼット 洗顔パスタ 海泥スムース,ロゼット,洗顔,editorial,D,insufficient,,,0,,status_unknown,false,false,product_specific_source_missing | ingredient_tag_not_officially_verified,Low,product_specific_official_page | manufacturer_category | content_amount | usage | verified_ingredients | current_status,商品専用メーカー公式ページを調査し、商品状態・仕様・成分タグを確認,14,3,false,26,コラムリンク3件・内部リンク14件
55,無印良品 マイルド保湿洗顔フォーム,無印良品,洗顔,editorial,D,insufficient,,,0,,status_unknown,false,false,product_specific_source_missing | ingredient_tag_not_officially_verified,Low,product_specific_official_page | manufacturer_category | content_amount | usage | verified_ingredients | current_status,商品専用メーカー公式ページを調査し、商品状態・仕様・成分タグを確認,10,2,false,18,コラムリンク2件・内部リンク10件
56,ビオレUV アクアリッチ ウォータリーエッセンス,花王,日焼け止め,editorial,A,complete,https://www.kao-kirei.com/ja/item/khg/bioresarasarauv/4901301447647/,official-product,1,2026-08-10,current,false,true,ingredient_tag_not_officially_verified,Low,verified_ingredients,不足項目を公式情報で確認: verified_ingredients,37,6,false,43,コラムリンク6件・内部リンク37件・編集部参考指標4.6以上
57,アネッサ パーフェクトUV スキンケアミルク N,資生堂,日焼け止め,editorial,D,insufficient,,,0,,status_unknown,false,false,product_specific_source_missing | ingredient_tag_not_officially_verified,Low,product_specific_official_page | manufacturer_category | content_amount | usage | verified_ingredients | current_status | spf | pa | uv_water_resistance,商品専用メーカー公式ページを調査し、商品状態・仕様・成分タグを確認,28,1,true,39,ランキング導線あり・コラムリンク1件・内部リンク28件・編集部参考指標4.6以上
58,ラロッシュポゼ UVイデア XL プロテクショントーンアップ,ラロッシュポゼ,日焼け止め,editorial,D,insufficient,,,0,,status_unknown,false,false,product_specific_source_missing | ingredient_tag_not_officially_verified,Low,product_specific_official_page | manufacturer_category | content_amount | usage | verified_ingredients | current_status | spf | pa | uv_water_resistance,商品専用メーカー公式ページを調査し、商品状態・仕様・成分タグを確認,13,3,false,28,コラムリンク3件・内部リンク13件・編集部参考指標4.6以上
59,スキンアクア トーンアップUVエッセンス,ロート製薬,日焼け止め,editorial,D,insufficient,,,0,,status_unknown,false,false,product_specific_source_missing | ingredient_tag_not_officially_verified,Low,product_specific_official_page | manufacturer_category | content_amount | usage | verified_ingredients | current_status | spf | pa | uv_water_resistance,商品専用メーカー公式ページを調査し、商品状態・仕様・成分タグを確認,9,0,false,9,内部リンク9件
60,ニベアUV ディープ プロテクト＆ケア ジェル,ニベア,日焼け止め,editorial,D,insufficient,,,0,,status_unknown,false,false,product_specific_source_missing | ingredient_tag_not_officially_verified,Low,product_specific_official_page | manufacturer_category | content_amount | usage | verified_ingredients | current_status | spf | pa | uv_water_resistance,商品専用メーカー公式ページを調査し、商品状態・仕様・成分タグを確認,10,0,false,10,内部リンク10件
61,イニスフリー トーンアップ ノーセバム サンスクリーン,イニスフリー,日焼け止め,editorial,D,insufficient,,,0,,status_unknown,false,false,product_specific_source_missing | ingredient_tag_not_officially_verified,Low,product_specific_official_page | manufacturer_category | content_amount | usage | verified_ingredients | current_status | spf | pa | uv_water_resistance,商品専用メーカー公式ページを調査し、商品状態・仕様・成分タグを確認,7,0,false,7,内部リンク7件
62,ルルルン プレシャス GREEN（バランス）,ルルルン,パック・マスク,editorial,A,complete,https://lululun.com/shop/products/pg4fb-2111,official-product | official-successor,2,2026-08-10,current,false,true,ingredient_tag_not_officially_verified,Low,verified_ingredients,不足項目を公式情報で確認: verified_ingredients,11,3,false,23,コラムリンク3件・内部リンク11件
63,MEDIHEAL N.M.F アクアリングアンプルマスク,MEDIHEAL,パック・マスク,editorial,D,insufficient,,,0,,status_unknown,false,false,product_specific_source_missing | ingredient_tag_not_officially_verified,Low,product_specific_official_page | manufacturer_category | content_amount | usage | verified_ingredients | current_status,商品専用メーカー公式ページを調査し、商品状態・仕様・成分タグを確認,24,4,false,36,コラムリンク4件・内部リンク24件
64,我的美麗日記（私のきれい日記）黒真珠マスク,我的美麗日記,パック・マスク,editorial,A,complete,https://www.mybeautydiary-jp.com/lineup/blackpearl.html,official-product | official-brand,2,2026-08-10,current,false,true,none,Low,content_amount | usage,"不足項目を公式情報で確認: content_amount, usage",8,0,false,8,内部リンク8件
65,VT シカ デイリースージングマスク,VT Cosmetics,パック・マスク,editorial,D,insufficient,,,0,,status_unknown,false,false,product_specific_source_missing | ingredient_tag_not_officially_verified,Low,product_specific_official_page | manufacturer_category | content_amount | usage | verified_ingredients | current_status,商品専用メーカー公式ページを調査し、商品状態・仕様・成分タグを確認,23,2,false,28,コラムリンク2件・内部リンク23件
66,クオリティファースト ダーマレーザー スーパーVC100マスク,クオリティファースト,パック・マスク,editorial,D,insufficient,,,0,,status_unknown,false,false,product_specific_source_missing | ingredient_tag_not_officially_verified,Low,product_specific_official_page | manufacturer_category | content_amount | usage | verified_ingredients | current_status,商品専用メーカー公式ページを調査し、商品状態・仕様・成分タグを確認,8,0,false,8,内部リンク8件
67,メディキューブ エイジショット ニードルアイクリーム,MEDICUBE,アイケア,editorial,D,insufficient,,,0,,status_unknown,false,false,product_specific_source_missing | ingredient_tag_not_officially_verified,Low,product_specific_official_page | manufacturer_category | content_amount | usage | verified_ingredients | current_status,商品専用メーカー公式ページを調査し、商品状態・仕様・成分タグを確認,23,0,false,20,内部リンク23件
68,アイキララ,北の快適工房,アイケア,editorial,D,insufficient,,,0,,status_unknown,false,false,product_specific_source_missing | ingredient_tag_not_officially_verified,Low,product_specific_official_page | manufacturer_category | content_amount | usage | verified_ingredients | current_status,商品専用メーカー公式ページを調査し、商品状態・仕様・成分タグを確認,7,0,false,7,内部リンク7件
69,ELIXIR つや玉ミスト,資生堂,アイケア,editorial,D,insufficient,,,0,,status_unknown,false,false,product_specific_source_missing | ingredient_tag_not_officially_verified,Low,product_specific_official_page | manufacturer_category | content_amount | usage | verified_ingredients | current_status,商品専用メーカー公式ページを調査し、商品状態・仕様・成分タグを確認,22,0,false,20,内部リンク22件
70,コスメデコルテ モイスチュアリポソーム,コーセー,美容液,editorial,D,insufficient,,,0,,status_unknown,false,false,product_specific_source_missing | ingredient_tag_not_officially_verified,Low,product_specific_official_page | manufacturer_category | content_amount | usage | verified_ingredients | current_status,商品専用メーカー公式ページを調査し、商品状態・仕様・成分タグを確認,9,0,true,24,ランキング導線あり・内部リンク9件・編集部参考指標4.6以上
71,Dr.Jart+ シカペアクリーム,Dr.Jart+,保湿クリーム,editorial,D,insufficient,,,0,,status_unknown,false,false,product_specific_source_missing | ingredient_tag_not_officially_verified,Low,product_specific_official_page | manufacturer_category | content_amount | usage | verified_ingredients | current_status,商品専用メーカー公式ページを調査し、商品状態・仕様・成分タグを確認,7,0,false,7,内部リンク7件
72,KANEBO ザ ファースト セラム,カネボウ,美容液,editorial,D,insufficient,,,0,,status_unknown,false,false,product_specific_source_missing | ingredient_tag_not_officially_verified,Low,product_specific_official_page | manufacturer_category | content_amount | usage | verified_ingredients | current_status,商品専用メーカー公式ページを調査し、商品状態・仕様・成分タグを確認,7,0,false,10,内部リンク7件・編集部参考指標4.6以上
73,ロート製薬 メンソレータム リップ メディケーティッド,ロート製薬,アイケア,editorial,D,insufficient,,,0,,status_unknown,false,false,product_specific_source_missing | ingredient_tag_not_officially_verified,Low,product_specific_official_page | manufacturer_category | content_amount | usage | verified_ingredients | current_status,商品専用メーカー公式ページを調査し、商品状態・仕様・成分タグを確認,6,0,false,6,内部リンク6件
74,クラランス ダブル セーラム EX,クラランス,美容液,editorial,D,insufficient,,,0,,status_unknown,false,false,product_specific_source_missing | ingredient_tag_not_officially_verified,Low,product_specific_official_page | manufacturer_category | content_amount | usage | verified_ingredients | current_status,商品専用メーカー公式ページを調査し、商品状態・仕様・成分タグを確認,8,0,true,23,ランキング導線あり・内部リンク8件・編集部参考指標4.6以上
76,LANCÔME ジェニフィック アドバンスト N,ランコム,美容液,editorial,D,insufficient,,,0,,status_unknown,false,false,product_specific_source_missing | ingredient_tag_not_officially_verified,Low,product_specific_official_page | manufacturer_category | content_amount | usage | verified_ingredients | current_status,商品専用メーカー公式ページを調査し、商品状態・仕様・成分タグを確認,7,0,false,10,内部リンク7件・編集部参考指標4.6以上
77,NUMBUZIN 5番 ハリツヤ濃縮 TXAアンプル,numbuzin,美容液,editorial,D,insufficient,,,0,,status_unknown,false,false,product_specific_source_missing | ingredient_tag_not_officially_verified,Low,product_specific_official_page | manufacturer_category | content_amount | usage | verified_ingredients | current_status,商品専用メーカー公式ページを調査し、商品状態・仕様・成分タグを確認,10,0,false,10,内部リンク10件
78,skinfood ロイヤルハニー プロポリスエンリッチエッセンス,SKINFOOD,美容液,editorial,D,insufficient,,,0,,status_unknown,false,false,product_specific_source_missing | ingredient_tag_not_officially_verified,Low,product_specific_official_page | manufacturer_category | content_amount | usage | verified_ingredients | current_status,商品専用メーカー公式ページを調査し、商品状態・仕様・成分タグを確認,7,0,false,7,内部リンク7件
79,コーセー 雪肌精 クリアウェルネス ピュア コンク,コーセー,化粧水,editorial,D,insufficient,,,0,,status_unknown,false,false,product_specific_source_missing | ingredient_tag_not_officially_verified,Low,product_specific_official_page | manufacturer_category | content_amount | usage | verified_ingredients | current_status,商品専用メーカー公式ページを調査し、商品状態・仕様・成分タグを確認,8,0,false,8,内部リンク8件
80,クリニーク モイスチャー サージ 100H,クリニーク,保湿クリーム,editorial,D,insufficient,,,0,,status_unknown,false,false,product_specific_source_missing | ingredient_tag_not_officially_verified,Low,product_specific_official_page | manufacturer_category | content_amount | usage | verified_ingredients | current_status,商品専用メーカー公式ページを調査し、商品状態・仕様・成分タグを確認,7,0,false,7,内部リンク7件
81,DUO ザ クレンジングバーム,プレミアアンチエイジング,洗顔,editorial,D,insufficient,,,0,,status_unknown,false,false,product_specific_source_missing | ingredient_tag_not_officially_verified,Low,product_specific_official_page | manufacturer_category | content_amount | usage | verified_ingredients | current_status,商品専用メーカー公式ページを調査し、商品状態・仕様・成分タグを確認,7,0,false,7,内部リンク7件
82,ビオデルマ サンシビオ エイチツーオー D,ビオデルマ,洗顔,editorial,C,partial,,official-brand,2,2026-08-10,status_unknown,false,true,ingredient_tag_not_officially_verified,Low,product_specific_official_page | verified_ingredients | current_status,"不足項目を公式情報で確認: product_specific_official_page, verified_ingredients, current_status",9,0,false,9,内部リンク9件
83,ペアアクネ クリーミーフォーム,ライオン,洗顔,editorial,D,insufficient,,,0,,status_unknown,false,false,product_specific_source_missing | ingredient_tag_not_officially_verified,Low,product_specific_official_page | manufacturer_category | content_amount | usage | verified_ingredients | current_status,商品専用メーカー公式ページを調査し、商品状態・仕様・成分タグを確認,9,0,false,9,内部リンク9件
84,ジルスチュアート リラックス ボディローション,ジルスチュアート,保湿クリーム,editorial,D,insufficient,,,0,,status_unknown,false,false,product_specific_source_missing | ingredient_tag_not_officially_verified,Low,product_specific_official_page | manufacturer_category | content_amount | usage | verified_ingredients | current_status,商品専用メーカー公式ページを調査し、商品状態・仕様・成分タグを確認,6,0,false,6,内部リンク6件
85,THREE バランシング クレンジングオイル,THREE,洗顔,editorial,D,insufficient,,,0,,status_unknown,false,false,product_specific_source_missing | ingredient_tag_not_officially_verified,Low,product_specific_official_page | manufacturer_category | content_amount | usage | verified_ingredients | current_status,商品専用メーカー公式ページを調査し、商品状態・仕様・成分タグを確認,7,0,false,7,内部リンク7件
86,ALBION エクサージュ モイスト フルエッセンス ローション,アルビオン,化粧水,editorial,D,insufficient,,,0,,status_unknown,false,false,product_specific_source_missing | ingredient_tag_not_officially_verified,Low,product_specific_official_page | manufacturer_category | content_amount | usage | verified_ingredients | current_status,商品専用メーカー公式ページを調査し、商品状態・仕様・成分タグを確認,9,0,false,12,内部リンク9件・編集部参考指標4.6以上
87,キュレル ディープモイスチャースプレー,キュレル,化粧水,editorial,D,insufficient,,,0,,status_unknown,false,false,product_specific_source_missing | ingredient_tag_not_officially_verified,Low,product_specific_official_page | manufacturer_category | content_amount | usage | verified_ingredients | current_status,商品専用メーカー公式ページを調査し、商品状態・仕様・成分タグを確認,15,3,false,27,コラムリンク3件・内部リンク15件
88,オードムーゲ 薬用ローション,小林製薬,化粧水,editorial,D,insufficient,,,0,,status_unknown,false,false,product_specific_source_missing | ingredient_tag_not_officially_verified,Low,product_specific_official_page | manufacturer_category | content_amount | usage | verified_ingredients | current_status,商品専用メーカー公式ページを調査し、商品状態・仕様・成分タグを確認,9,0,false,9,内部リンク9件
89,ハトムギ保湿ジェル,イミュ,保湿クリーム,editorial,D,insufficient,,,0,,status_unknown,false,false,product_specific_source_missing | ingredient_tag_not_officially_verified,Low,product_specific_official_page | manufacturer_category | content_amount | usage | verified_ingredients | current_status,商品専用メーカー公式ページを調査し、商品状態・仕様・成分タグを確認,11,1,false,15,コラムリンク1件・内部リンク11件
90,ANUA ナイアシンアミド10% + TXA4% セラム,Anua,美容液,editorial,D,insufficient,,,0,,status_unknown,false,false,product_specific_source_missing | ingredient_tag_not_officially_verified,Low,product_specific_official_page | manufacturer_category | content_amount | usage | verified_ingredients | current_status,商品専用メーカー公式ページを調査し、商品状態・仕様・成分タグを確認,14,2,false,22,コラムリンク2件・内部リンク14件
91,キールズ アイ トリートメント AV,キールズ,アイケア,editorial,A,complete,https://www.kiehls.jp/skincare/face-product/face-eye/creamy-eye-treatment-with-avocado/3700194714413.html,official-product,1,2026-08-10,current,false,true,none,Low,,定期的に公式URLと商品状態を再確認,22,0,false,20,内部リンク22件
92,Fujifilm アスタリフト ジェリー アクアリスタ,富士フイルム,美容液,editorial,D,insufficient,,,0,,status_unknown,false,false,product_specific_source_missing | ingredient_tag_not_officially_verified,Low,product_specific_official_page | manufacturer_category | content_amount | usage | verified_ingredients | current_status,商品専用メーカー公式ページを調査し、商品状態・仕様・成分タグを確認,9,1,false,16,コラムリンク1件・内部リンク9件・編集部参考指標4.6以上
93,ONE BY KOSE メラノショット ホワイト D,コーセー,美容液,editorial,D,insufficient,,,0,,status_unknown,false,false,product_specific_source_missing | ingredient_tag_not_officially_verified,Low,product_specific_official_page | manufacturer_category | content_amount | usage | verified_ingredients | current_status,商品専用メーカー公式ページを調査し、商品状態・仕様・成分タグを確認,8,0,false,8,内部リンク8件
94,ドゥーオーガニック クオリティ セラム モイスト,ドゥーオーガニック,美容液,editorial,D,insufficient,,,0,,status_unknown,false,false,product_specific_source_missing | ingredient_tag_not_officially_verified,Low,product_specific_official_page | manufacturer_category | content_amount | usage | verified_ingredients | current_status,商品専用メーカー公式ページを調査し、商品状態・仕様・成分タグを確認,7,0,false,7,内部リンク7件
95,CNP Laboratory プロポリス アンプルミスト,CNP,化粧水,editorial,A,complete,https://cnp-laboratory.jp/item/99/,official-product,1,2026-08-10,current,false,true,none,Low,,定期的に公式URLと商品状態を再確認,7,0,false,7,内部リンク7件
96,Mediheal マデカソ シカ アンプル,MEDIHEAL,美容液,editorial,D,insufficient,,,0,,status_unknown,false,false,product_specific_source_missing | ingredient_tag_not_officially_verified,Low,product_specific_official_page | manufacturer_category | content_amount | usage | verified_ingredients | current_status,商品専用メーカー公式ページを調査し、商品状態・仕様・成分タグを確認,7,0,false,7,内部リンク7件
97,ETVOS モイスチャライジングセラム,エトヴォス,美容液,editorial,D,insufficient,,,0,,status_unknown,false,false,product_specific_source_missing | ingredient_tag_not_officially_verified,Low,product_specific_official_page | manufacturer_category | content_amount | usage | verified_ingredients | current_status,商品専用メーカー公式ページを調査し、商品状態・仕様・成分タグを確認,9,0,false,9,内部リンク9件
98,KIEHL'S ウルトラ フェイシャル クリーム,キールズ,保湿クリーム,editorial,D,insufficient,,,0,,status_unknown,false,false,product_specific_source_missing | ingredient_tag_not_officially_verified,Low,product_specific_official_page | manufacturer_category | content_amount | usage | verified_ingredients | current_status,商品専用メーカー公式ページを調査し、商品状態・仕様・成分タグを確認,7,0,false,7,内部リンク7件
99,無印良品 エイジングケア美容液,無印良品,美容液,editorial,D,insufficient,,,0,,status_unknown,false,false,product_specific_source_missing | ingredient_tag_not_officially_verified,Low,product_specific_official_page | manufacturer_category | content_amount | usage | verified_ingredients | current_status,商品専用メーカー公式ページを調査し、商品状態・仕様・成分タグを確認,8,0,false,8,内部リンク8件
100,rom&nd グラスティング ウォーター ティント,rom&nd,アイケア,editorial,D,insufficient,,,0,,status_unknown,false,false,product_specific_source_missing | ingredient_tag_not_officially_verified,Low,product_specific_official_page | manufacturer_category | content_amount | usage | verified_ingredients | current_status,商品専用メーカー公式ページを調査し、商品状態・仕様・成分タグを確認,6,0,false,6,内部リンク6件
101,CLINIQUE 拭き取り化粧水 クラリファイングローション,クリニーク,化粧水,editorial,D,insufficient,,,0,,status_unknown,false,false,product_specific_source_missing | ingredient_tag_not_officially_verified,Low,product_specific_official_page | manufacturer_category | content_amount | usage | verified_ingredients | current_status,商品専用メーカー公式ページを調査し、商品状態・仕様・成分タグを確認,9,0,false,9,内部リンク9件
102,キュレル 皮脂トラブルケア 保湿ジェル,キュレル,保湿クリーム,editorial,D,insufficient,,,0,,status_unknown,false,false,product_specific_source_missing | ingredient_tag_not_officially_verified,Low,product_specific_official_page | manufacturer_category | content_amount | usage | verified_ingredients | current_status,商品専用メーカー公式ページを調査し、商品状態・仕様・成分タグを確認,9,1,false,13,コラムリンク1件・内部リンク9件
103,THE ORDINARY ナイアシンアミド 10% + Zinc 1%,The Ordinary,美容液,editorial,D,insufficient,,,0,,status_unknown,false,false,product_specific_source_missing | ingredient_tag_not_officially_verified,Low,product_specific_official_page | manufacturer_category | content_amount | usage | verified_ingredients | current_status,商品専用メーカー公式ページを調査し、商品状態・仕様・成分タグを確認,13,2,false,21,コラムリンク2件・内部リンク13件
104,THE ORDINARY ハイアルロニックアシッド 2% + B5,The Ordinary,美容液,editorial,D,insufficient,,,0,,status_unknown,false,false,product_specific_source_missing | ingredient_tag_not_officially_verified,Low,product_specific_official_page | manufacturer_category | content_amount | usage | verified_ingredients | current_status,商品専用メーカー公式ページを調査し、商品状態・仕様・成分タグを確認,8,0,false,8,内部リンク8件
105,LANEIGE ウォーター スリーピング マスク EX,LANEIGE,パック・マスク,editorial,D,insufficient,,,0,,status_unknown,false,false,product_specific_source_missing | ingredient_tag_not_officially_verified,Low,product_specific_official_page | manufacturer_category | content_amount | usage | verified_ingredients | current_status,商品専用メーカー公式ページを調査し、商品状態・仕様・成分タグを確認,12,2,false,20,コラムリンク2件・内部リンク12件
106,LANEIGE リップ スリーピング マスク,LANEIGE,アイケア,editorial,D,insufficient,,,0,,status_unknown,false,false,product_specific_source_missing | ingredient_tag_not_officially_verified,Low,product_specific_official_page | manufacturer_category | content_amount | usage | verified_ingredients | current_status,商品専用メーカー公式ページを調査し、商品状態・仕様・成分タグを確認,6,0,false,9,内部リンク6件・編集部参考指標4.6以上
107,ちふれ 美容液 ノンアルコールタイプ,ちふれ,美容液,editorial,D,insufficient,,,0,,status_unknown,false,false,product_specific_source_missing | ingredient_tag_not_officially_verified,Low,product_specific_official_page | manufacturer_category | content_amount | usage | verified_ingredients | current_status,商品専用メーカー公式ページを調査し、商品状態・仕様・成分タグを確認,7,0,false,7,内部リンク7件
108,シロジャム,NACOL,アイケア,editorial,D,insufficient,,,0,,status_unknown,false,false,product_specific_source_missing | ingredient_tag_not_officially_verified,Low,product_specific_official_page | manufacturer_category | content_amount | usage | verified_ingredients | current_status,商品専用メーカー公式ページを調査し、商品状態・仕様・成分タグを確認,6,0,false,6,内部リンク6件
109,Bioré UV アスリズム スキンプロテクトエッセンス,花王,日焼け止め,editorial,D,insufficient,,,0,,status_unknown,false,false,product_specific_source_missing | ingredient_tag_not_officially_verified,Low,product_specific_official_page | manufacturer_category | content_amount | usage | verified_ingredients | current_status | spf | pa | uv_water_resistance,商品専用メーカー公式ページを調査し、商品状態・仕様・成分タグを確認,10,0,false,13,内部リンク10件・編集部参考指標4.6以上
110,ALLIE クロノビューティ ジェルUV EX,カネボウ,日焼け止め,editorial,D,insufficient,,,0,,status_unknown,false,false,product_specific_source_missing | ingredient_tag_not_officially_verified,Low,product_specific_official_page | manufacturer_category | content_amount | usage | verified_ingredients | current_status | spf | pa | uv_water_resistance,商品専用メーカー公式ページを調査し、商品状態・仕様・成分タグを確認,11,1,false,15,コラムリンク1件・内部リンク11件
111,コーセー サンカット パーフェクトUV スプレー,コーセー,日焼け止め,editorial,D,insufficient,,,0,,status_unknown,false,false,product_specific_source_missing | ingredient_tag_not_officially_verified,Low,product_specific_official_page | manufacturer_category | content_amount | usage | verified_ingredients | current_status | spf | pa | uv_water_resistance,商品専用メーカー公式ページを調査し、商品状態・仕様・成分タグを確認,9,0,false,9,内部リンク9件
112,キュレル UVカット デイバリア UVローション,キュレル,日焼け止め,editorial,D,insufficient,,,0,,status_unknown,false,false,product_specific_source_missing | ingredient_tag_not_officially_verified,Low,product_specific_official_page | manufacturer_category | content_amount | usage | verified_ingredients | current_status | spf | pa | uv_water_resistance,商品専用メーカー公式ページを調査し、商品状態・仕様・成分タグを確認,13,4,false,29,コラムリンク4件・内部リンク13件
113,無印良品 日焼け止めミルク SPF50+,無印良品,日焼け止め,editorial,D,insufficient,,,0,,status_unknown,false,false,product_specific_source_missing | ingredient_tag_not_officially_verified,Low,product_specific_official_page | manufacturer_category | content_amount | usage | verified_ingredients | current_status | spf | pa | uv_water_resistance,商品専用メーカー公式ページを調査し、商品状態・仕様・成分タグを確認,11,2,false,19,コラムリンク2件・内部リンク11件
114,ファシオ パーマネントカール マスカラ,コーセー,アイケア,editorial,D,insufficient,,,0,,status_unknown,false,false,product_specific_source_missing | ingredient_tag_not_officially_verified,Low,product_specific_official_page | manufacturer_category | content_amount | usage | verified_ingredients | current_status,商品専用メーカー公式ページを調査し、商品状態・仕様・成分タグを確認,6,0,false,6,内部リンク6件
115,CipiCipi グリッターイルミネーションライナー,CipiCipi,アイケア,editorial,D,insufficient,,,0,,status_unknown,false,false,product_specific_source_missing | ingredient_tag_not_officially_verified,Low,product_specific_official_page | manufacturer_category | content_amount | usage | verified_ingredients | current_status,商品専用メーカー公式ページを調査し、商品状態・仕様・成分タグを確認,6,0,false,6,内部リンク6件
116,Torriden セルメイジング クリーム,Torriden,保湿クリーム,editorial,D,insufficient,,,0,,status_unknown,false,false,product_specific_source_missing | ingredient_tag_not_officially_verified,Low,product_specific_official_page | manufacturer_category | content_amount | usage | verified_ingredients | current_status,商品専用メーカー公式ページを調査し、商品状態・仕様・成分タグを確認,9,0,false,9,内部リンク9件
117,ドクターシーラボ アクアコラーゲンゲル スーパーモイスチャー,ドクターシーラボ,保湿クリーム,editorial,B,mostly_complete,,official-successor,1,2026-08-10,legacy,false,true,none,Low,product_specific_official_page,掲載世代と現行品の対応を再確認し、旧製品案内を維持,10,0,false,10,内部リンク10件
118,PERFECT ONE モイスチャージェル,新日本製薬,保湿クリーム,editorial,D,insufficient,,,0,,status_unknown,false,false,product_specific_source_missing | ingredient_tag_not_officially_verified,Low,product_specific_official_page | manufacturer_category | content_amount | usage | verified_ingredients | current_status,商品専用メーカー公式ページを調査し、商品状態・仕様・成分タグを確認,8,0,false,8,内部リンク8件
119,資生堂 dプログラム 薬用 スキンケアベース CC,資生堂,日焼け止め,editorial,D,insufficient,,,0,,status_unknown,false,false,product_specific_source_missing | ingredient_tag_not_officially_verified,Low,product_specific_official_page | manufacturer_category | content_amount | usage | verified_ingredients | current_status | spf | pa | uv_water_resistance,商品専用メーカー公式ページを調査し、商品状態・仕様・成分タグを確認,9,2,false,17,コラムリンク2件・内部リンク9件
120,ロート製薬 ハダラボ 極潤 αクリーム,ロート製薬,保湿クリーム,editorial,D,insufficient,,,0,,status_unknown,false,false,product_specific_source_missing | ingredient_tag_not_officially_verified,Low,product_specific_official_page | manufacturer_category | content_amount | usage | verified_ingredients | current_status,商品専用メーカー公式ページを調査し、商品状態・仕様・成分タグを確認,10,0,false,10,内部リンク10件
121,Innisfree レチノール シカ アンプル,イニスフリー,美容液,editorial,D,insufficient,,,0,,status_unknown,false,false,product_specific_source_missing | ingredient_tag_not_officially_verified,Low,product_specific_official_page | manufacturer_category | content_amount | usage | verified_ingredients | current_status,商品専用メーカー公式ページを調査し、商品状態・仕様・成分タグを確認,15,4,false,31,コラムリンク4件・内部リンク15件
122,ラロッシュポゼ シカプラスト バーム B5+,ラロッシュポゼ,保湿クリーム,editorial,A,complete,https://www.laroche-posay.jp/product/cicaplast-baume-b5.html,official-product,1,2026-08-10,current,false,true,none,Low,usage,不足項目を公式情報で確認: usage,11,1,true,30,ランキング導線あり・コラムリンク1件・内部リンク11件・編集部参考指標4.6以上
123,FEMMUE ルミエール ヴァイタルC,FEMMUE,美容液,editorial,D,insufficient,,,0,,status_unknown,false,false,product_specific_source_missing | ingredient_tag_not_officially_verified,Low,product_specific_official_page | manufacturer_category | content_amount | usage | verified_ingredients | current_status,商品専用メーカー公式ページを調査し、商品状態・仕様・成分タグを確認,10,0,false,10,内部リンク10件
124,コスメデコルテ リポソーム アドバンスト リペアセラム,コーセー,美容液,editorial,D,insufficient,,,0,,status_unknown,false,false,product_specific_source_missing | ingredient_tag_not_officially_verified,Low,product_specific_official_page | manufacturer_category | content_amount | usage | verified_ingredients | current_status,商品専用メーカー公式ページを調査し、商品状態・仕様・成分タグを確認,9,0,true,24,ランキング導線あり・内部リンク9件・編集部参考指標4.6以上
125,ナイアード ガスールパウダー,ナイアード,洗顔,editorial,D,insufficient,,,0,,status_unknown,false,false,product_specific_source_missing | ingredient_tag_not_officially_verified,Low,product_specific_official_page | manufacturer_category | content_amount | usage | verified_ingredients | current_status,商品専用メーカー公式ページを調査し、商品状態・仕様・成分タグを確認,9,1,false,13,コラムリンク1件・内部リンク9件
126,Heatherm ヒアルロン酸 原液,Heatherm,美容液,editorial,D,insufficient,,,0,,status_unknown,false,false,product_specific_source_missing | ingredient_tag_not_officially_verified,Low,product_specific_official_page | manufacturer_category | content_amount | usage | verified_ingredients | current_status,商品専用メーカー公式ページを調査し、商品状態・仕様・成分タグを確認,7,0,false,7,内部リンク7件
127,MISSHA タイムレボリューション ナイトリペア アンプル,MISSHA,美容液,editorial,D,insufficient,,,0,,status_unknown,false,false,product_specific_source_missing | ingredient_tag_not_officially_verified,Low,product_specific_official_page | manufacturer_category | content_amount | usage | verified_ingredients | current_status,商品専用メーカー公式ページを調査し、商品状態・仕様・成分タグを確認,9,0,false,9,内部リンク9件
128,ALOBABY ミルクローション,ALOBABY,保湿クリーム,editorial,D,insufficient,,,0,,status_unknown,false,false,product_specific_source_missing | ingredient_tag_not_officially_verified,Low,product_specific_official_page | manufacturer_category | content_amount | usage | verified_ingredients | current_status,商品専用メーカー公式ページを調査し、商品状態・仕様・成分タグを確認,8,0,false,8,内部リンク8件
129,UNO ホイップウォッシュ,資生堂,洗顔,editorial,D,insufficient,,,0,,status_unknown,false,false,product_specific_source_missing | ingredient_tag_not_officially_verified,Low,product_specific_official_page | manufacturer_category | content_amount | usage | verified_ingredients | current_status,商品専用メーカー公式ページを調査し、商品状態・仕様・成分タグを確認,10,3,false,22,コラムリンク3件・内部リンク10件
130,ettusais エテュセ 薬用 アクネ ジェルクリーム,エテュセ,保湿クリーム,editorial,D,insufficient,,,0,,status_unknown,false,false,product_specific_source_missing | ingredient_tag_not_officially_verified,Low,product_specific_official_page | manufacturer_category | content_amount | usage | verified_ingredients | current_status,商品専用メーカー公式ページを調査し、商品状態・仕様・成分タグを確認,8,0,false,8,内部リンク8件
131,KOSE クリアターン プリンセスヴェール モーニングスキンケアマスク,コーセー,パック・マスク,editorial,D,insufficient,,,0,,status_unknown,false,false,product_specific_source_missing | ingredient_tag_not_officially_verified,Low,product_specific_official_page | manufacturer_category | content_amount | usage | verified_ingredients | current_status,商品専用メーカー公式ページを調査し、商品状態・仕様・成分タグを確認,7,0,false,7,内部リンク7件
132,Abib ガムシートマスク ドクダミカーミング,Abib,パック・マスク,editorial,D,insufficient,,,0,,status_unknown,false,false,product_specific_source_missing | ingredient_tag_not_officially_verified,Low,product_specific_official_page | manufacturer_category | content_amount | usage | verified_ingredients | current_status,商品専用メーカー公式ページを調査し、商品状態・仕様・成分タグを確認,7,0,false,7,内部リンク7件
133,SANA なめらか本舗 リンクル化粧水 N,常盤薬品,化粧水,editorial,D,insufficient,,,0,,status_unknown,false,false,product_specific_source_missing | ingredient_tag_not_officially_verified,Low,product_specific_official_page | manufacturer_category | content_amount | usage | verified_ingredients | current_status,商品専用メーカー公式ページを調査し、商品状態・仕様・成分タグを確認,10,3,false,22,コラムリンク3件・内部リンク10件
134,ロート製薬 50の恵 養潤液,ロート製薬,化粧水,editorial,D,insufficient,,,0,,status_unknown,false,false,product_specific_source_missing | ingredient_tag_not_officially_verified,Low,product_specific_official_page | manufacturer_category | content_amount | usage | verified_ingredients | current_status,商品専用メーカー公式ページを調査し、商品状態・仕様・成分タグを確認,7,0,false,7,内部リンク7件
135,DHC 薬用ディープクレンジングオイル,DHC,洗顔,editorial,B,mostly_complete,,official-brand | official-pdf,2,2026-08-10,status_unknown,false,true,none,Low,product_specific_official_page | usage | current_status,"不足項目を公式情報で確認: product_specific_official_page, usage, current_status",9,0,false,9,内部リンク9件
136,KISO ヒアルロン酸 原液,KISO,美容液,editorial,D,insufficient,,,0,,status_unknown,false,false,product_specific_source_missing | ingredient_tag_not_officially_verified,Low,product_specific_official_page | manufacturer_category | content_amount | usage | verified_ingredients | current_status,商品専用メーカー公式ページを調査し、商品状態・仕様・成分タグを確認,7,0,false,7,内部リンク7件
137,Saborino 目ざまシート,スタイリングライフ,パック・マスク,editorial,D,insufficient,,,0,,status_unknown,false,false,product_specific_source_missing | ingredient_tag_not_officially_verified,Low,product_specific_official_page | manufacturer_category | content_amount | usage | verified_ingredients | current_status,商品専用メーカー公式ページを調査し、商品状態・仕様・成分タグを確認,7,0,false,7,内部リンク7件
138,ロクシタン シア ハンドクリーム,ロクシタン,アイケア,editorial,D,insufficient,,,0,,status_unknown,false,false,product_specific_source_missing | ingredient_tag_not_officially_verified,Low,product_specific_official_page | manufacturer_category | content_amount | usage | verified_ingredients | current_status,商品専用メーカー公式ページを調査し、商品状態・仕様・成分タグを確認,7,0,false,10,内部リンク7件・編集部参考指標4.6以上
139,メンソレータム アクネス 薬用クリーム洗顔,ロート製薬,洗顔,editorial,D,insufficient,,,0,,status_unknown,true,false,product_specific_source_missing | ingredient_tag_not_officially_verified,Low,product_specific_official_page | manufacturer_category | content_amount | usage | verified_ingredients | current_status,商品専用メーカー公式ページを調査し、商品状態・仕様・成分タグを確認,13,0,false,29,内部リンク13件・編集部実使用商品
140,THREE バランシング SO オイル,THREE,美容液,editorial,D,insufficient,,,0,,status_unknown,false,false,product_specific_source_missing | ingredient_tag_not_officially_verified,Low,product_specific_official_page | manufacturer_category | content_amount | usage | verified_ingredients | current_status,商品専用メーカー公式ページを調査し、商品状態・仕様・成分タグを確認,8,0,false,8,内部リンク8件
141,ハーバー 高品位スクワラン,ハーバー,美容液,editorial,D,insufficient,,,0,,status_unknown,false,false,product_specific_source_missing | ingredient_tag_not_officially_verified,Low,product_specific_official_page | manufacturer_category | content_amount | usage | verified_ingredients | current_status,商品専用メーカー公式ページを調査し、商品状態・仕様・成分タグを確認,9,0,true,24,ランキング導線あり・内部リンク9件・編集部参考指標4.6以上
142,コーセー 米肌 活潤リフト クリーム,コーセー,保湿クリーム,editorial,A,complete,https://maihada.jp/site/g/gPREC/,official-product,1,2026-08-10,current,false,true,none,Low,,定期的に公式URLと商品状態を再確認,11,0,false,11,内部リンク11件
143,dasique シャドウパレット,dasique,アイケア,editorial,D,insufficient,,,0,,status_unknown,false,false,product_specific_source_missing | ingredient_tag_not_officially_verified,Low,product_specific_official_page | manufacturer_category | content_amount | usage | verified_ingredients | current_status,商品専用メーカー公式ページを調査し、商品状態・仕様・成分タグを確認,6,0,false,6,内部リンク6件
144,Anua 桃70% ナイアシン セラム,Anua,美容液,editorial,D,insufficient,,,0,,status_unknown,false,false,product_specific_source_missing | ingredient_tag_not_officially_verified,Low,product_specific_official_page | manufacturer_category | content_amount | usage | verified_ingredients | current_status,商品専用メーカー公式ページを調査し、商品状態・仕様・成分タグを確認,9,0,false,9,内部リンク9件
145,ロート製薬 ケアセラ APフェイス＆ボディ乳液,ロート製薬,保湿クリーム,editorial,D,insufficient,,,0,,status_unknown,false,false,product_specific_source_missing | ingredient_tag_not_officially_verified,Low,product_specific_official_page | manufacturer_category | content_amount | usage | verified_ingredients | current_status,商品専用メーカー公式ページを調査し、商品状態・仕様・成分タグを確認,9,0,false,9,内部リンク9件
146,ファンケル エンリッチプラス 化粧液 II,ファンケル,化粧水,editorial,D,insufficient,,,0,,status_unknown,false,false,product_specific_source_missing | ingredient_tag_not_officially_verified,Low,product_specific_official_page | manufacturer_category | content_amount | usage | verified_ingredients | current_status,商品専用メーカー公式ページを調査し、商品状態・仕様・成分タグを確認,7,0,false,7,内部リンク7件
147,エスティローダー マイクロ エッセンス ローション,エスティローダー,化粧水,editorial,D,insufficient,,,0,,status_unknown,false,false,product_specific_source_missing | ingredient_tag_not_officially_verified,Low,product_specific_official_page | manufacturer_category | content_amount | usage | verified_ingredients | current_status,商品専用メーカー公式ページを調査し、商品状態・仕様・成分タグを確認,7,0,false,7,内部リンク7件
148,Tatcha ザ デューイ スキン クリーム,Tatcha,保湿クリーム,editorial,D,insufficient,,,0,,status_unknown,false,false,product_specific_source_missing | ingredient_tag_not_officially_verified,Low,product_specific_official_page | manufacturer_category | content_amount | usage | verified_ingredients | current_status,商品専用メーカー公式ページを調査し、商品状態・仕様・成分タグを確認,9,0,false,9,内部リンク9件
149,CICABIO クリーム,ビオデルマ,保湿クリーム,editorial,D,insufficient,,,0,,status_unknown,false,false,product_specific_source_missing | ingredient_tag_not_officially_verified,Low,product_specific_official_page | manufacturer_category | content_amount | usage | verified_ingredients | current_status,商品専用メーカー公式ページを調査し、商品状態・仕様・成分タグを確認,9,0,false,9,内部リンク9件
150,無印良品 クリアケア化粧水,無印良品,化粧水,editorial,D,insufficient,,,0,,status_unknown,false,false,product_specific_source_missing | ingredient_tag_not_officially_verified,Low,product_specific_official_page | manufacturer_category | content_amount | usage | verified_ingredients | current_status,商品専用メーカー公式ページを調査し、商品状態・仕様・成分タグを確認,9,0,false,9,内部リンク9件
151,キュレル リップケア クリーム,キュレル,アイケア,editorial,D,insufficient,,,0,,status_unknown,false,false,product_specific_source_missing | ingredient_tag_not_officially_verified,Low,product_specific_official_page | manufacturer_category | content_amount | usage | verified_ingredients | current_status,商品専用メーカー公式ページを調査し、商品状態・仕様・成分タグを確認,6,0,false,6,内部リンク6件
152,ロレアルパリ レビタリフト ファーミング セラム,ロレアル,美容液,editorial,D,insufficient,,,0,,status_unknown,false,false,product_specific_source_missing | ingredient_tag_not_officially_verified,Low,product_specific_official_page | manufacturer_category | content_amount | usage | verified_ingredients | current_status,商品専用メーカー公式ページを調査し、商品状態・仕様・成分タグを確認,7,0,false,7,内部リンク7件
153,VT リードルショット 100,VT Cosmetics,美容液,editorial,D,insufficient,,,0,,status_unknown,false,false,product_specific_source_missing | ingredient_tag_not_officially_verified,Low,product_specific_official_page | manufacturer_category | content_amount | usage | verified_ingredients | current_status,商品専用メーカー公式ページを調査し、商品状態・仕様・成分タグを確認,10,0,false,10,内部リンク10件
154,無印良品 ホホバオイル,無印良品,美容液,editorial,A,complete,https://www.muji.com/jp/ja/store/cmdty/detail/4550584085369,official-product,1,2026-08-10,current,false,true,none,Low,,定期的に公式URLと商品状態を再確認,7,0,false,7,内部リンク7件
155,肌美精 超浸透3Dマスク エイジングケア,クラシエ,パック・マスク,editorial,D,insufficient,,,0,,status_unknown,false,false,product_specific_source_missing | ingredient_tag_not_officially_verified,Low,product_specific_official_page | manufacturer_category | content_amount | usage | verified_ingredients | current_status,商品専用メーカー公式ページを調査し、商品状態・仕様・成分タグを確認,7,0,false,7,内部リンク7件
156,ちふれ ウォッシャブル コールド クリーム,ちふれ,洗顔,editorial,D,insufficient,,,0,,status_unknown,false,false,product_specific_source_missing | ingredient_tag_not_officially_verified,Low,product_specific_official_page | manufacturer_category | content_amount | usage | verified_ingredients | current_status,商品専用メーカー公式ページを調査し、商品状態・仕様・成分タグを確認,7,0,false,7,内部リンク7件
157,KOSE 雪肌精 みずみずしい化粧水,コーセー,化粧水,editorial,B,mostly_complete,,official-successor,1,2026-08-10,legacy,false,true,none,Low,product_specific_official_page | usage,掲載世代と現行品の対応を再確認し、旧製品案内を維持,7,0,false,7,内部リンク7件
158,ONE THING ドクダミエキス,ONE THING,化粧水,editorial,D,insufficient,,,0,,status_unknown,false,false,product_specific_source_missing | ingredient_tag_not_officially_verified,Low,product_specific_official_page | manufacturer_category | content_amount | usage | verified_ingredients | current_status,商品専用メーカー公式ページを調査し、商品状態・仕様・成分タグを確認,11,0,false,11,内部リンク11件
159,HAKU メラノフォーカスEV,資生堂,美容液,editorial,B,mostly_complete,,official-successor | official-brand,2,2026-08-10,legacy,false,true,ingredient_tag_not_officially_verified,Low,product_specific_official_page | content_amount | usage | verified_ingredients,掲載世代と現行品の対応を再確認し、旧製品案内を維持,9,0,false,12,内部リンク9件・編集部参考指標4.6以上
160,Bulgari オムニア クリスタリン ボディローション,ブルガリ,保湿クリーム,editorial,D,insufficient,,,0,,status_unknown,false,false,product_specific_source_missing | ingredient_tag_not_officially_verified,Low,product_specific_official_page | manufacturer_category | content_amount | usage | verified_ingredients | current_status,商品専用メーカー公式ページを調査し、商品状態・仕様・成分タグを確認,6,0,false,6,内部リンク6件
161,ロート製薬 メラノCC 薬用しみ対策 美白化粧水,ロート製薬,化粧水,editorial,D,insufficient,,,0,,status_unknown,true,false,product_specific_source_missing | ingredient_tag_not_officially_verified,Low,product_specific_official_page | manufacturer_category | content_amount | usage | verified_ingredients | current_status,商品専用メーカー公式ページを調査し、商品状態・仕様・成分タグを確認,15,0,false,31,内部リンク15件・編集部実使用商品
162,OLAY レチノール24 ナイトモイスチャライザー,オレイ,保湿クリーム,editorial,D,insufficient,,,0,,status_unknown,false,false,product_specific_source_missing | ingredient_tag_not_officially_verified,Low,product_specific_official_page | manufacturer_category | content_amount | usage | verified_ingredients | current_status,商品専用メーカー公式ページを調査し、商品状態・仕様・成分タグを確認,8,0,false,8,内部リンク8件
163,コーセー ジュレーム ヘアマスク,コーセー,パック・マスク,editorial,D,insufficient,,,0,,status_unknown,false,false,product_specific_source_missing | ingredient_tag_not_officially_verified,Low,product_specific_official_page | manufacturer_category | content_amount | usage | verified_ingredients | current_status,商品専用メーカー公式ページを調査し、商品状態・仕様・成分タグを確認,7,0,false,7,内部リンク7件
165,ファンケル ディープクリア洗顔パウダー,ファンケル,洗顔,editorial,D,insufficient,,,0,,status_unknown,false,false,product_specific_source_missing | ingredient_tag_not_officially_verified,Low,product_specific_official_page | manufacturer_category | content_amount | usage | verified_ingredients | current_status,商品専用メーカー公式ページを調査し、商品状態・仕様・成分タグを確認,7,0,false,7,内部リンク7件
166,HotTab 重炭酸入浴剤,HotTab,入浴剤,editorial,C,partial,,official-brand,2,2026-08-10,status_unknown,false,true,none,Low,product_specific_official_page | current_status,"不足項目を公式情報で確認: product_specific_official_page, current_status",6,0,false,6,内部リンク6件
167,DEW スペリア ローション コンセントレート,カネボウ,化粧水,editorial,D,insufficient,,,0,,status_unknown,false,false,product_specific_source_missing | ingredient_tag_not_officially_verified,Low,product_specific_official_page | manufacturer_category | content_amount | usage | verified_ingredients | current_status,商品専用メーカー公式ページを調査し、商品状態・仕様・成分タグを確認,10,0,false,10,内部リンク10件
168,アテニア スキンクリア クレンズ オイル アロマタイプ,アテニア,洗顔,editorial,A,complete,https://www.attenir.co.jp/item/1662-47,official-product | official-brand,2,2026-08-10,current,false,true,ingredient_tag_not_officially_verified,Low,verified_ingredients,不足項目を公式情報で確認: verified_ingredients,53,0,true,35,ランキング導線あり・内部リンク53件・編集部参考指標4.6以上
169,Torriden ビタCブライトニングアンプル,Torriden,美容液,editorial,D,insufficient,,,0,,status_unknown,false,false,product_specific_source_missing | ingredient_tag_not_officially_verified,Low,product_specific_official_page | manufacturer_category | content_amount | usage | verified_ingredients | current_status,商品専用メーカー公式ページを調査し、商品状態・仕様・成分タグを確認,14,0,true,29,ランキング導線あり・内部リンク14件・編集部参考指標4.6以上
170,ナンバーズイン 5番 ビタミンCブライトニングセラム,numbuzin,美容液,editorial,D,insufficient,,,0,,status_unknown,false,false,product_specific_source_missing | ingredient_tag_not_officially_verified,Low,product_specific_official_page | manufacturer_category | content_amount | usage | verified_ingredients | current_status,商品専用メーカー公式ページを調査し、商品状態・仕様・成分タグを確認,9,0,false,9,内部リンク9件
171,MEDIHEAL マデカソサイド エッセンシャル トナーパッド,MEDIHEAL,化粧水,editorial,D,insufficient,,,0,,status_unknown,false,false,product_specific_source_missing | ingredient_tag_not_officially_verified,Low,product_specific_official_page | manufacturer_category | content_amount | usage | verified_ingredients | current_status,商品専用メーカー公式ページを調査し、商品状態・仕様・成分タグを確認,14,0,false,14,内部リンク14件
172,ダルバ ウォーターフルトーンアップサンクリーム,dalba,日焼け止め,editorial,D,insufficient,,,0,,status_unknown,false,false,product_specific_source_missing | ingredient_tag_not_officially_verified,Low,product_specific_official_page | manufacturer_category | content_amount | usage | verified_ingredients | current_status | spf | pa | uv_water_resistance,商品専用メーカー公式ページを調査し、商品状態・仕様・成分タグを確認,7,0,false,10,内部リンク7件・編集部参考指標4.6以上
173,ロート製薬 メラノCC 美白パック,ロート製薬,パック・マスク,editorial,D,insufficient,,,0,,status_unknown,false,false,product_specific_source_missing | ingredient_tag_not_officially_verified,Low,product_specific_official_page | manufacturer_category | content_amount | usage | verified_ingredients | current_status,商品専用メーカー公式ページを調査し、商品状態・仕様・成分タグを確認,7,0,false,7,内部リンク7件
174,VT シナモロール限定 CICAデイリースージングマスク,VT Cosmetics,パック・マスク,editorial,D,insufficient,,,0,,status_unknown,false,false,product_specific_source_missing | ingredient_tag_not_officially_verified,Low,product_specific_official_page | manufacturer_category | content_amount | usage | verified_ingredients | current_status,商品専用メーカー公式ページを調査し、商品状態・仕様・成分タグを確認,19,0,false,22,内部リンク19件・編集部参考指標4.6以上
175,イニスフリー レチノール シカ リペア アンプル,イニスフリー,美容液,editorial,D,insufficient,,,0,,status_unknown,false,false,product_specific_source_missing | ingredient_tag_not_officially_verified,Low,product_specific_official_page | manufacturer_category | content_amount | usage | verified_ingredients | current_status,商品専用メーカー公式ページを調査し、商品状態・仕様・成分タグを確認,9,1,false,13,コラムリンク1件・内部リンク9件
176,ランコム ジェニフィック アルティメ エッセンスローション,ランコム,化粧水,editorial,D,insufficient,,,0,,status_unknown,false,false,product_specific_source_missing | ingredient_tag_not_officially_verified,Low,product_specific_official_page | manufacturer_category | content_amount | usage | verified_ingredients | current_status,商品専用メーカー公式ページを調査し、商品状態・仕様・成分タグを確認,62,0,true,35,ランキング導線あり・内部リンク62件・編集部参考指標4.6以上
177,コーセー 米肌 肌潤改善エッセンス,コーセー,美容液,editorial,A,complete,https://maihada.jp/site/g/gPRBE/,official-product,1,2026-08-10,current,false,true,none,Low,,定期的に公式URLと商品状態を再確認,8,0,false,11,内部リンク8件・編集部参考指標4.6以上
178,エスティローダー アドバンス ナイト リペア SMR コンプレックス,エスティローダー,美容液,editorial,D,insufficient,,,0,,status_unknown,false,false,product_specific_source_missing | ingredient_tag_not_officially_verified,Low,product_specific_official_page | manufacturer_category | content_amount | usage | verified_ingredients | current_status,商品専用メーカー公式ページを調査し、商品状態・仕様・成分タグを確認,13,1,false,20,コラムリンク1件・内部リンク13件・編集部参考指標4.6以上
179,VT リードルショット 300,VT Cosmetics,美容液,editorial,A,complete,https://www.vtcosmetics.jp/product/%E3%83%AA%E3%83%BC%E3%83%89%E3%83%AB%E3%82%B7%E3%83%A7%E3%83%83%E3%83%88300/653/,official-product,1,2026-08-10,current,false,true,ingredient_tag_not_officially_verified,Low,usage | verified_ingredients,"不足項目を公式情報で確認: usage, verified_ingredients",9,0,false,9,内部リンク9件
180,Torriden ダイブイン マイクロ ヒアルロン酸 トナーパッド,Torriden,化粧水,editorial,D,insufficient,,,0,,status_unknown,false,false,product_specific_source_missing | ingredient_tag_not_officially_verified,Low,product_specific_official_page | manufacturer_category | content_amount | usage | verified_ingredients | current_status,商品専用メーカー公式ページを調査し、商品状態・仕様・成分タグを確認,18,1,true,37,ランキング導線あり・コラムリンク1件・内部リンク18件・編集部参考指標4.6以上
181,SKIN&LAB バクチオール0.2% アイセラム,SKIN&LAB,アイケア,editorial,D,insufficient,,,0,,status_unknown,false,false,product_specific_source_missing | ingredient_tag_not_officially_verified,Low,product_specific_official_page | manufacturer_category | content_amount | usage | verified_ingredients | current_status,商品専用メーカー公式ページを調査し、商品状態・仕様・成分タグを確認,11,0,false,11,内部リンク11件
182,カネボウ ヴェイル オブ デイ／ナイト,カネボウ,保湿クリーム,editorial,D,insufficient,,,0,,status_unknown,false,false,product_specific_source_missing | ingredient_tag_not_officially_verified,Low,product_specific_official_page | manufacturer_category | content_amount | usage | verified_ingredients | current_status,商品専用メーカー公式ページを調査し、商品状態・仕様・成分タグを確認,9,0,false,9,内部リンク9件
183,ファンケル エンリッチプラス 乳液 II,ファンケル,保湿クリーム,editorial,D,insufficient,,,0,,status_unknown,false,false,product_specific_source_missing | ingredient_tag_not_officially_verified,Low,product_specific_official_page | manufacturer_category | content_amount | usage | verified_ingredients | current_status,商品専用メーカー公式ページを調査し、商品状態・仕様・成分タグを確認,9,0,false,9,内部リンク9件
184,Abib ヒアルロン酸 ジェルクリーム チューブ,Abib,保湿クリーム,editorial,D,insufficient,,,0,,status_unknown,false,false,product_specific_source_missing | ingredient_tag_not_officially_verified,Low,product_specific_official_page | manufacturer_category | content_amount | usage | verified_ingredients | current_status,商品専用メーカー公式ページを調査し、商品状態・仕様・成分タグを確認,9,0,false,9,内部リンク9件
185,ロート製薬 オバジ ダーマパワーX ステムシャープアイ,ロート製薬,アイケア,editorial,D,insufficient,,,0,,status_unknown,false,false,product_specific_source_missing | ingredient_tag_not_officially_verified,Low,product_specific_official_page | manufacturer_category | content_amount | usage | verified_ingredients | current_status,商品専用メーカー公式ページを調査し、商品状態・仕様・成分タグを確認,8,0,false,8,内部リンク8件
186,CNP Laboratory プロポリス エナジー アンプル,CNP,美容液,editorial,D,insufficient,,,0,,status_unknown,false,false,product_specific_source_missing | ingredient_tag_not_officially_verified,Low,product_specific_official_page | manufacturer_category | content_amount | usage | verified_ingredients | current_status,商品専用メーカー公式ページを調査し、商品状態・仕様・成分タグを確認,8,0,false,8,内部リンク8件
187,ビオレ UV キービジュアルデザイン アクアリッチ ライトアップエッセンス,花王,日焼け止め,editorial,D,insufficient,,,0,,status_unknown,false,false,product_specific_source_missing | ingredient_tag_not_officially_verified,Low,product_specific_official_page | manufacturer_category | content_amount | usage | verified_ingredients | current_status | spf | pa | uv_water_resistance,商品専用メーカー公式ページを調査し、商品状態・仕様・成分タグを確認,11,1,false,18,コラムリンク1件・内部リンク11件・編集部参考指標4.6以上
188,ドゥ・ラ・メール クレーム ドゥ・ラ・メール,ドゥ・ラ・メール,保湿クリーム,editorial,D,insufficient,,,0,,status_unknown,false,false,product_specific_source_missing | ingredient_tag_not_officially_verified,Low,product_specific_official_page | manufacturer_category | content_amount | usage | verified_ingredients | current_status,商品専用メーカー公式ページを調査し、商品状態・仕様・成分タグを確認,13,0,false,16,内部リンク13件・編集部参考指標4.6以上
189,ハダクリエ ナイアシンアミド モイストローション,花王,化粧水,editorial,D,insufficient,,,0,,status_unknown,false,false,product_specific_source_missing | ingredient_tag_not_officially_verified,Low,product_specific_official_page | manufacturer_category | content_amount | usage | verified_ingredients | current_status,商品専用メーカー公式ページを調査し、商品状態・仕様・成分タグを確認,7,0,false,7,内部リンク7件
190,rom&nd グラスティング メルティング バーム,rom&nd,アイケア,editorial,D,insufficient,,,0,,status_unknown,false,false,product_specific_source_missing | ingredient_tag_not_officially_verified,Low,product_specific_official_page | manufacturer_category | content_amount | usage | verified_ingredients | current_status,商品専用メーカー公式ページを調査し、商品状態・仕様・成分タグを確認,6,0,false,6,内部リンク6件
191,メンソレータム アクネス25 メディカルミルク,ロート製薬,保湿クリーム,editorial,D,insufficient,,,0,,status_unknown,false,false,product_specific_source_missing | ingredient_tag_not_officially_verified,Low,product_specific_official_page | manufacturer_category | content_amount | usage | verified_ingredients | current_status,商品専用メーカー公式ページを調査し、商品状態・仕様・成分タグを確認,7,0,false,7,内部リンク7件
192,キールズ DS RTN リニューイング セラム,キールズ,美容液,editorial,A,complete,https://www.kiehls.jp/skincare/face-product/face-serums/retinol-skin-renewing-daily-micro-dose-serum/WW0124KIE.html,official-product,1,2026-08-10,current,false,true,none,Low,,定期的に公式URLと商品状態を再確認,12,3,false,24,コラムリンク3件・内部リンク12件
193,ロゼット 洗顔パスタ アクネクリア,ロゼット,洗顔,editorial,A,complete,https://www.rosette.jp/Form/Product/ProductDetail.aspx?pid=054186-900&shop=0,official-product | official-brand,2,2026-08-10,current,false,true,none,Low,,定期的に公式URLと商品状態を再確認,11,0,false,11,内部リンク11件
194,BULK HOMME ザ フェイスウォッシュ,BULK HOMME,洗顔,editorial,D,insufficient,,,0,,status_unknown,false,false,product_specific_source_missing | ingredient_tag_not_officially_verified,Low,product_specific_official_page | manufacturer_category | content_amount | usage | verified_ingredients | current_status,商品専用メーカー公式ページを調査し、商品状態・仕様・成分タグを確認,10,3,false,22,コラムリンク3件・内部リンク10件
195,キュレル 泡洗顔料,キュレル,洗顔,editorial,D,insufficient,,,0,,status_unknown,false,false,product_specific_source_missing | ingredient_tag_not_officially_verified,Low,product_specific_official_page | manufacturer_category | content_amount | usage | verified_ingredients | current_status,商品専用メーカー公式ページを調査し、商品状態・仕様・成分タグを確認,10,0,false,10,内部リンク10件
196,グーダル 青みかんビタCクレンジングフォーム,goodal,洗顔,editorial,A,complete,https://goodalcosmetic.jp/products/goodal-green-tangerine-dark-spot-c-v%E3%82%AF%E3%83%AC%E3%83%B3%E3%82%B8%E3%83%B3%E3%82%B0%E3%83%95%E3%82%A9%E3%83%BC%E3%83%A0-150ml,official-product | official-press-release,2,2026-08-10,current,false,true,none,Low,usage,不足項目を公式情報で確認: usage,7,0,false,7,内部リンク7件
197,イニスフリー グリーンティー クレンザー,イニスフリー,洗顔,editorial,D,insufficient,,,0,,status_unknown,false,false,product_specific_source_missing | ingredient_tag_not_officially_verified,Low,product_specific_official_page | manufacturer_category | content_amount | usage | verified_ingredients | current_status,商品専用メーカー公式ページを調査し、商品状態・仕様・成分タグを確認,7,0,false,7,内部リンク7件
198,Obagi C洗顔フォーム,ロート製薬,洗顔,editorial,D,insufficient,,,0,,status_unknown,false,false,product_specific_source_missing | ingredient_tag_not_officially_verified,Low,product_specific_official_page | manufacturer_category | content_amount | usage | verified_ingredients | current_status,商品専用メーカー公式ページを調査し、商品状態・仕様・成分タグを確認,8,0,false,8,内部リンク8件
199,ぬちまーす リュウミネ 石鹸,ぬちまーす,洗顔,editorial,B,mostly_complete,,official-pdf,1,2026-08-10,status_unknown,false,true,ingredient_tag_not_officially_verified,Low,product_specific_official_page | usage | verified_ingredients | current_status,"不足項目を公式情報で確認: product_specific_official_page, usage, verified_ingredients, current_status",9,0,false,9,内部リンク9件
200,VT CICA マイルドクレンジングフォーム,VT Cosmetics,洗顔,editorial,D,insufficient,,,0,,status_unknown,false,false,product_specific_source_missing | ingredient_tag_not_officially_verified,Low,product_specific_official_page | manufacturer_category | content_amount | usage | verified_ingredients | current_status,商品専用メーカー公式ページを調査し、商品状態・仕様・成分タグを確認,9,0,false,9,内部リンク9件
201,カウブランド 無添加泡の洗顔料,牛乳石鹸,洗顔,editorial,D,insufficient,,,0,,status_unknown,false,false,product_specific_source_missing | ingredient_tag_not_officially_verified,Low,product_specific_official_page | manufacturer_category | content_amount | usage | verified_ingredients | current_status,商品専用メーカー公式ページを調査し、商品状態・仕様・成分タグを確認,13,1,false,17,コラムリンク1件・内部リンク13件
202,ファンケル 洗顔パウダー,ファンケル,洗顔,editorial,D,insufficient,,,0,,status_unknown,false,false,product_specific_source_missing | ingredient_tag_not_officially_verified,Low,product_specific_official_page | manufacturer_category | content_amount | usage | verified_ingredients | current_status,商品専用メーカー公式ページを調査し、商品状態・仕様・成分タグを確認,7,0,false,7,内部リンク7件
203,ロート製薬 メラノCC ディープデイケアUV乳液,ロート製薬,日焼け止め,editorial,A,complete,https://www.shop.rohto.co.jp/category/skincare/melanocc/191048.html,official-product,1,2026-08-10,current,false,true,none,Low,uv_water_resistance,不足項目を公式情報で確認: uv_water_resistance,15,3,false,27,コラムリンク3件・内部リンク15件
204,Torriden ソルベ クリーム,Torriden,保湿クリーム,editorial,D,insufficient,,,0,,status_unknown,false,false,product_specific_source_missing | ingredient_tag_not_officially_verified,Low,product_specific_official_page | manufacturer_category | content_amount | usage | verified_ingredients | current_status,商品専用メーカー公式ページを調査し、商品状態・仕様・成分タグを確認,7,0,false,7,内部リンク7件
205,d プログラム 薬用 アクネケア美容液,資生堂,美容液,editorial,A,complete,https://www.shiseido.co.jp/dprogram/product/acnecare_serum/ | https://www.shiseido.co.jp/sw/onlinestore/products/H26401.html,official-product,2,2026-08-10,current,false,true,none,Low,,定期的に公式URLと商品状態を再確認,7,0,false,7,内部リンク7件
206,VT CICA マイルドトナーパッド,VT Cosmetics,化粧水,editorial,A,complete,https://vtcosmetics.jp/product/cica-%E3%83%9E%E3%82%A4%E3%83%AB%E3%83%89%E3%83%88%E3%83%8A%E3%83%BC%E3%83%91%E3%83%83%E3%83%89/220/,official-product,1,2026-08-10,current,false,true,none,Low,usage,不足項目を公式情報で確認: usage,11,0,false,11,内部リンク11件
207,ビオレ おうちdeエステ 洗顔ジェル,花王,洗顔,editorial,D,insufficient,,,0,,status_unknown,true,false,product_specific_source_missing | ingredient_tag_not_officially_verified,Low,product_specific_official_page | manufacturer_category | content_amount | usage | verified_ingredients | current_status,商品専用メーカー公式ページを調査し、商品状態・仕様・成分タグを確認,10,0,false,26,内部リンク10件・編集部実使用商品
208,オルビス ミスター3ステップセット フォーミングウォッシュ エッセンスローション,ORBIS Mr.,化粧水,editorial,D,insufficient,,,0,,status_unknown,false,false,product_specific_source_missing | ingredient_tag_not_officially_verified,Low,product_specific_official_page | manufacturer_category | content_amount | usage | verified_ingredients | current_status,商品専用メーカー公式ページを調査し、商品状態・仕様・成分タグを確認,11,0,false,14,内部リンク11件・編集部参考指標4.6以上
209,UNO スキンセラムウォーター f 化粧水 200mL,UNO,化粧水,editorial,D,insufficient,,,0,,status_unknown,false,false,product_specific_source_missing | ingredient_tag_not_officially_verified,Low,product_specific_official_page | manufacturer_category | content_amount | usage | verified_ingredients | current_status,商品専用メーカー公式ページを調査し、商品状態・仕様・成分タグを確認,10,3,false,22,コラムリンク3件・内部リンク10件
210,ニベアメン アクティブエイジローション,ニベアメン,化粧水,editorial,D,insufficient,,,0,,status_unknown,false,false,product_specific_source_missing | ingredient_tag_not_officially_verified,Low,product_specific_official_page | manufacturer_category | content_amount | usage | verified_ingredients | current_status,商品専用メーカー公式ページを調査し、商品状態・仕様・成分タグを確認,11,0,false,14,内部リンク11件・編集部参考指標4.6以上
211,リップスボーイ 薬用フェイストナー 250ml 化粧水 大容量 保湿 乾燥 テカリ,LIPPS BOY,化粧水,editorial,D,insufficient,,,0,,status_unknown,false,false,product_specific_source_missing | ingredient_tag_not_officially_verified,Low,product_specific_official_page | manufacturer_category | content_amount | usage | verified_ingredients | current_status,商品専用メーカー公式ページを調査し、商品状態・仕様・成分タグを確認,9,0,false,9,内部リンク9件
212,ジゲン オールインワンフェイスジェル 100g,ZIGEN,化粧水,editorial,D,insufficient,,,0,,status_unknown,false,false,product_specific_source_missing | ingredient_tag_not_officially_verified,Low,product_specific_official_page | manufacturer_category | content_amount | usage | verified_ingredients | current_status,商品専用メーカー公式ページを調査し、商品状態・仕様・成分タグを確認,8,1,false,12,コラムリンク1件・内部リンク8件
213,マーロ MARO17 スキンローション 180ml MARO 化粧水・ローション,MARO,化粧水,editorial,D,insufficient,,,0,,status_unknown,false,false,product_specific_source_missing | ingredient_tag_not_officially_verified,Low,product_specific_official_page | manufacturer_category | content_amount | usage | verified_ingredients | current_status,商品専用メーカー公式ページを調査し、商品状態・仕様・成分タグを確認,11,2,false,19,コラムリンク2件・内部リンク11件
214,化粧水・敏感肌用・高保湿タイプ 400ml,無印良品,化粧水,editorial,D,insufficient,,,0,,status_unknown,false,false,product_specific_source_missing | ingredient_tag_not_officially_verified,Low,product_specific_official_page | manufacturer_category | content_amount | usage | verified_ingredients | current_status,商品専用メーカー公式ページを調査し、商品状態・仕様・成分タグを確認,67,3,true,47,ランキング導線あり・コラムリンク3件・内部リンク67件・編集部参考指標4.6以上
215,洗顔料＆泡立てネットセット THE FACE WASH＆THE BUBBLE,BULK HOMME,洗顔,editorial,D,insufficient,,,0,,status_unknown,false,false,product_specific_source_missing | ingredient_tag_not_officially_verified,Low,product_specific_official_page | manufacturer_category | content_amount | usage | verified_ingredients | current_status,商品専用メーカー公式ページを調査し、商品状態・仕様・成分タグを確認,10,0,true,25,ランキング導線あり・内部リンク10件・編集部参考指標4.6以上
216,ギャツビー フェイシャルウォッシュ パーフェクトスクラブ,GATSBY,洗顔,editorial,D,insufficient,,,0,,status_unknown,false,false,product_specific_source_missing | ingredient_tag_not_officially_verified,Low,product_specific_official_page | manufacturer_category | content_amount | usage | verified_ingredients | current_status,商品専用メーカー公式ページを調査し、商品状態・仕様・成分タグを確認,59,5,true,55,ランキング導線あり・コラムリンク5件・内部リンク59件・編集部参考指標4.6以上
217,メンズビオレ 泡タイプ洗顔 つめかえ,メンズビオレ,洗顔,editorial,A,complete,https://www.kao-kirei.com/ja/item/khg/mensbiore/4901301261991/,official-product,1,2026-08-11,current,false,false,none,Low,usage,不足項目を公式情報で確認: usage,16,2,false,24,コラムリンク2件・内部リンク16件
218,ウーノ uno ホイップウォッシュ 3+おまけ 炭 洗顔 アブラ テカリ サラサラ,UNO,洗顔,editorial,D,insufficient,,,0,,status_unknown,false,false,product_specific_source_missing | ingredient_tag_not_officially_verified,Low,product_specific_official_page | manufacturer_category | content_amount | usage | verified_ingredients | current_status,商品専用メーカー公式ページを調査し、商品状態・仕様・成分タグを確認,10,1,false,14,コラムリンク1件・内部リンク10件
219,リップスボーイ 薬用フェイスウォッシュ 150ml 濃密 泡洗顔 メンズ,LIPPS BOY,洗顔,editorial,D,insufficient,,,0,,status_unknown,false,false,product_specific_source_missing | ingredient_tag_not_officially_verified,Low,product_specific_official_page | manufacturer_category | content_amount | usage | verified_ingredients | current_status,商品専用メーカー公式ページを調査し、商品状態・仕様・成分タグを確認,9,0,false,9,内部リンク9件
220,バルクオム BULKHOMME THE REPAIR LOTION 100ml ＋,BULK HOMME,化粧水,editorial,D,insufficient,,,0,,status_unknown,false,false,product_specific_source_missing | ingredient_tag_not_officially_verified,Low,product_specific_official_page | manufacturer_category | content_amount | usage | verified_ingredients | current_status,商品専用メーカー公式ページを調査し、商品状態・仕様・成分タグを確認,11,4,false,27,コラムリンク4件・内部リンク11件
221,ニベアUV ニベアメン UVプロテクトジェル 40g SPF50+ PA+++,ニベアメン,日焼け止め,editorial,D,insufficient,,,0,,status_unknown,false,false,product_specific_source_missing | ingredient_tag_not_officially_verified,Low,product_specific_official_page | manufacturer_category | content_amount | usage | verified_ingredients | current_status | spf | pa | uv_water_resistance,商品専用メーカー公式ページを調査し、商品状態・仕様・成分タグを確認,29,0,true,35,ランキング導線あり・内部リンク29件・編集部参考指標4.6以上
222,アネッサ パーフェクトUV スキンケアジェル NB,アネッサ,日焼け止め,editorial,D,insufficient,,,0,,status_unknown,false,false,product_specific_source_missing | ingredient_tag_not_officially_verified,Low,product_specific_official_page | manufacturer_category | content_amount | usage | verified_ingredients | current_status | spf | pa | uv_water_resistance,商品専用メーカー公式ページを調査し、商品状態・仕様・成分タグを確認,9,0,false,12,内部リンク9件・編集部参考指標4.6以上
223,ニベアメン モーニング10 オイリーブロックジェル 100ミリリットル,ニベアメン,オールインワン,editorial,D,insufficient,,,0,,status_unknown,false,false,product_specific_source_missing | ingredient_tag_not_officially_verified,Low,product_specific_official_page | manufacturer_category | content_amount | usage | verified_ingredients | current_status,商品専用メーカー公式ページを調査し、商品状態・仕様・成分タグを確認,11,0,false,11,内部リンク11件
224,ギャツビー EXパーフェクトエッセンス,GATSBY,オールインワン,editorial,D,insufficient,,,0,,status_unknown,false,false,product_specific_source_missing | ingredient_tag_not_officially_verified,Low,product_specific_official_page | manufacturer_category | content_amount | usage | verified_ingredients | current_status,商品専用メーカー公式ページを調査し、商品状態・仕様・成分タグを確認,13,2,false,21,コラムリンク2件・内部リンク13件
225,ウーノ バイタルクリームパーフェクション fA 90g 男性化粧品 フェイス用,UNO,オールインワン,editorial,D,insufficient,,,0,,status_unknown,false,false,product_specific_source_missing | ingredient_tag_not_officially_verified,Low,product_specific_official_page | manufacturer_category | content_amount | usage | verified_ingredients | current_status,商品専用メーカー公式ページを調査し、商品状態・仕様・成分タグを確認,12,0,true,27,ランキング導線あり・内部リンク12件・編集部参考指標4.6以上
226,ニベアメン フェイスウォッシュ モイスト,ニベアメン,洗顔,editorial,D,insufficient,,,0,,status_unknown,false,false,product_specific_source_missing | ingredient_tag_not_officially_verified,Low,product_specific_official_page | manufacturer_category | content_amount | usage | verified_ingredients | current_status,商品専用メーカー公式ページを調査し、商品状態・仕様・成分タグを確認,11,0,true,26,ランキング導線あり・内部リンク11件・編集部参考指標4.6以上
227,メンズビオレ ダブルスクラブ洗顔,メンズビオレ,洗顔,editorial,A,complete,https://www.kao-kirei.com/ja/item/khg/mensbiore/4901301257666/,official-product,1,2026-08-11,current,false,false,none,Low,,定期的に公式URLと商品状態を再確認,14,0,false,14,内部リンク14件
228,DHCクレイ フェース ウォッシュ メンズ 洗顔 洗顔料 スキンケア 保湿,DHC,洗顔,editorial,D,insufficient,,,0,,status_unknown,false,false,product_specific_source_missing | ingredient_tag_not_officially_verified,Low,product_specific_official_page | manufacturer_category | content_amount | usage | verified_ingredients | current_status,商品専用メーカー公式ページを調査し、商品状態・仕様・成分タグを確認,9,0,false,9,内部リンク9件
229,ストーリア MARO マーロ 全身用クレンジングソープ つめかえ用 詰め替え用,MARO,洗顔,editorial,D,insufficient,,,0,,status_unknown,false,false,product_specific_source_missing | ingredient_tag_not_officially_verified,Low,product_specific_official_page | manufacturer_category | content_amount | usage | verified_ingredients | current_status,商品専用メーカー公式ページを調査し、商品状態・仕様・成分タグを確認,9,0,false,9,内部リンク9件
230,メンズビオレ ミクロスクラブ洗顔,メンズビオレ,洗顔,editorial,A,complete,https://www.kao-kirei.com/ja/item/khg/mensbiore/4901301257680/,official-product,1,2026-08-11,current,false,false,none,Low,,定期的に公式URLと商品状態を再確認,24,6,true,55,ランキング導線あり・コラムリンク6件・内部リンク24件・編集部参考指標4.6以上
231,ニベアメン アクティブエイジクリーム,ニベアメン,保湿クリーム,editorial,D,insufficient,,,0,,status_unknown,false,false,product_specific_source_missing | ingredient_tag_not_officially_verified,Low,product_specific_official_page | manufacturer_category | content_amount | usage | verified_ingredients | current_status,商品専用メーカー公式ページを調査し、商品状態・仕様・成分タグを確認,11,1,true,30,ランキング導線あり・コラムリンク1件・内部リンク11件・編集部参考指標4.6以上
232,NIVEA ニベアメン センシティブローション 110ml メンズ 化粧水 敏感肌,ニベアメン,化粧水,editorial,D,insufficient,,,0,,status_unknown,false,false,product_specific_source_missing | ingredient_tag_not_officially_verified,Low,product_specific_official_page | manufacturer_category | content_amount | usage | verified_ingredients | current_status,商品専用メーカー公式ページを調査し、商品状態・仕様・成分タグを確認,12,5,false,32,コラムリンク5件・内部リンク12件
233,OXY ディープウォッシュ 130g,OXY,洗顔,editorial,D,insufficient,,,0,,status_unknown,false,false,product_specific_source_missing | ingredient_tag_not_officially_verified,Low,product_specific_official_page | manufacturer_category | content_amount | usage | verified_ingredients | current_status,商品専用メーカー公式ページを調査し、商品状態・仕様・成分タグを確認,56,4,true,51,ランキング導線あり・コラムリンク4件・内部リンク56件・編集部参考指標4.6以上
234,NULL 薬用アクネブロックフェイスウォッシュ 本体/ライムシトラス,NULL,洗顔,editorial,D,insufficient,,,0,,status_unknown,false,false,product_specific_source_missing | ingredient_tag_not_officially_verified,Low,product_specific_official_page | manufacturer_category | content_amount | usage | verified_ingredients | current_status,商品専用メーカー公式ページを調査し、商品状態・仕様・成分タグを確認,15,4,false,31,コラムリンク4件・内部リンク15件
235,ウーノ UVパーフェクションジェル fA 80g 男性化粧品 フェイス用,UNO,日焼け止め,editorial,D,insufficient,,,0,,status_unknown,false,false,product_specific_source_missing | ingredient_tag_not_officially_verified,Low,product_specific_official_page | manufacturer_category | content_amount | usage | verified_ingredients | current_status | spf | pa | uv_water_resistance,商品専用メーカー公式ページを調査し、商品状態・仕様・成分タグを確認,7,0,false,7,内部リンク7件
236,コーセーコスメポート サンカット パーフェクトUV スプレー SPF50,コーセー,日焼け止め,editorial,D,insufficient,,,0,,status_unknown,false,false,product_specific_source_missing | ingredient_tag_not_officially_verified,Low,product_specific_official_page | manufacturer_category | content_amount | usage | verified_ingredients | current_status | spf | pa | uv_water_resistance,商品専用メーカー公式ページを調査し、商品状態・仕様・成分タグを確認,7,0,false,7,内部リンク7件
237,花王 ニベアメンスキンコンディショナーバーム110ml メンズスキンケア 乳液,ニベアメン,保湿クリーム,editorial,D,insufficient,,,0,,status_unknown,false,false,product_specific_source_missing | ingredient_tag_not_officially_verified,Low,product_specific_official_page | manufacturer_category | content_amount | usage | verified_ingredients | current_status,商品専用メーカー公式ページを調査し、商品状態・仕様・成分タグを確認,9,2,false,17,コラムリンク2件・内部リンク9件
238,ニベアメン センシティブ クール アフターシェーブバーム,ニベアメン,アフターシェーブ,editorial,D,insufficient,,,0,,status_unknown,false,false,product_specific_source_missing | ingredient_tag_not_officially_verified,Low,product_specific_official_page | manufacturer_category | content_amount | usage | verified_ingredients | current_status,商品専用メーカー公式ページを調査し、商品状態・仕様・成分タグを確認,12,3,false,24,コラムリンク3件・内部リンク12件
239,ギャツビー プレシェーブ ローション,GATSBY,アフターシェーブ,editorial,D,insufficient,,,0,,status_unknown,false,false,product_specific_source_missing | ingredient_tag_not_officially_verified,Low,product_specific_official_page | manufacturer_category | content_amount | usage | verified_ingredients | current_status,商品専用メーカー公式ページを調査し、商品状態・仕様・成分タグを確認,11,2,false,19,コラムリンク2件・内部リンク11件
240,POLA ポーラ ギャラントムII アフターシェーブローション 180ml 男性用,POLA,アフターシェーブ,editorial,D,insufficient,,,0,,status_unknown,false,false,product_specific_source_missing | ingredient_tag_not_officially_verified,Low,product_specific_official_page | manufacturer_category | content_amount | usage | verified_ingredients | current_status,商品専用メーカー公式ページを調査し、商品状態・仕様・成分タグを確認,14,5,false,34,コラムリンク5件・内部リンク14件
241,ロート スキンアクア ネクスタ シールド セラム UV ミルク 50ml,ロート製薬,日焼け止め,editorial,D,insufficient,,,0,,status_unknown,false,false,product_specific_source_missing | ingredient_tag_not_officially_verified,Low,product_specific_official_page | manufacturer_category | content_amount | usage | verified_ingredients | current_status | spf | pa | uv_water_resistance,商品専用メーカー公式ページを調査し、商品状態・仕様・成分タグを確認,8,0,false,8,内部リンク8件
242,KATAN Cica ダーマヒットセラム5 30g シカ ニードルショット 敏感肌,KATAN,美容液,editorial,D,insufficient,,,0,,status_unknown,true,false,product_specific_source_missing | ingredient_tag_not_officially_verified,Low,product_specific_official_page | manufacturer_category | content_amount | usage | verified_ingredients | current_status,商品専用メーカー公式ページを調査し、商品状態・仕様・成分タグを確認,11,0,false,27,内部リンク11件・編集部実使用商品
243,キュレル クリーム ジャー 90g ／医薬部外品 花王 潤浸保湿 セラミド 乾燥性,キュレル,保湿クリーム,editorial,D,insufficient,,,0,,status_unknown,true,false,product_specific_source_missing | ingredient_tag_not_officially_verified,Low,product_specific_official_page | manufacturer_category | content_amount | usage | verified_ingredients | current_status,商品専用メーカー公式ページを調査し、商品状態・仕様・成分タグを確認,53,0,true,51,ランキング導線あり・内部リンク53件・編集部実使用商品・編集部参考指標4.6以上
244,メラノCC 薬用 しみ集中対策 プレミアム美容液 20ml,ロート製薬,美容液,editorial,D,insufficient,,,0,,status_unknown,true,false,product_specific_source_missing | ingredient_tag_not_officially_verified,Low,product_specific_official_page | manufacturer_category | content_amount | usage | verified_ingredients | current_status,商品専用メーカー公式ページを調査し、商品状態・仕様・成分タグを確認,15,0,true,46,ランキング導線あり・内部リンク15件・編集部実使用商品・編集部参考指標4.6以上
245,スキンライフ 薬用洗顔フォーム,牛乳石鹸,洗顔,editorial,D,insufficient,,,0,,status_unknown,true,false,product_specific_source_missing | ingredient_tag_not_officially_verified,Low,product_specific_official_page | manufacturer_category | content_amount | usage | verified_ingredients | current_status,商品専用メーカー公式ページを調査し、商品状態・仕様・成分タグを確認,13,0,false,29,内部リンク13件・編集部実使用商品
246,ロート製薬 肌ラボ 極潤プレミアム 特濃 ヒアルロン乳液 140mL,ロート製薬,保湿クリーム,editorial,D,insufficient,,,0,,status_unknown,true,false,product_specific_source_missing | ingredient_tag_not_officially_verified,Low,product_specific_official_page | manufacturer_category | content_amount | usage | verified_ingredients | current_status,商品専用メーカー公式ページを調査し、商品状態・仕様・成分タグを確認,10,0,false,26,内部リンク10件・編集部実使用商品
247,クラシエ 肌美精 大人のニキビ対策 薬用美白化粧水 200mL 医薬部外品,クラシエ,化粧水,editorial,D,insufficient,,,0,,status_unknown,true,false,product_specific_source_missing | ingredient_tag_not_officially_verified,Low,product_specific_official_page | manufacturer_category | content_amount | usage | verified_ingredients | current_status,商品専用メーカー公式ページを調査し、商品状態・仕様・成分タグを確認,16,0,true,47,ランキング導線あり・内部リンク16件・編集部実使用商品・編集部参考指標4.6以上
248,肌美精 大人のニキビ対策 薬用美白クリーム 50g 医薬部外品,クラシエ,保湿クリーム,editorial,D,insufficient,,,0,,status_unknown,true,false,product_specific_source_missing | ingredient_tag_not_officially_verified,Low,product_specific_official_page | manufacturer_category | content_amount | usage | verified_ingredients | current_status,商品専用メーカー公式ページを調査し、商品状態・仕様・成分タグを確認,10,0,false,26,内部リンク10件・編集部実使用商品
