phase,id,name,field,term,statement,evidenceStatus,action,sourceQuality,reason,sourceUrls
before,1,キュレル 潤浸保湿化粧水 III（とてもしっとり）,desc,ロングセラー,セラミドケア成分配合、低刺激設計をうたう敏感肌向けロングセラー。しっとりしたテクスチャーで乾燥から肌を守ります。,unsupported,neutralize,D,商品固有の一次情報が未記録のまま強い表現を公開,
before,1,キュレル 潤浸保湿化粧水 III（とてもしっとり）,desc,低刺激,セラミドケア成分配合、低刺激設計をうたう敏感肌向けロングセラー。しっとりしたテクスチャーで乾燥から肌を守ります。,unsupported,neutralize,D,商品固有の一次情報が未記録のまま強い表現を公開,
before,3,無印良品 化粧水 敏感肌用 高保湿タイプ,desc,定番,岩手県釜石の天然水使用。無香料・無着色・無鉱物油の低刺激処方で、大容量コスパ抜群の定番化粧水。,needs-coverage-review,review,B,公式根拠との対応を確認対象にする,https://www.muji.com/jp/ja/store/cmdty/detail/4550583434991
before,3,無印良品 化粧水 敏感肌用 高保湿タイプ,desc,低刺激,岩手県釜石の天然水使用。無香料・無着色・無鉱物油の低刺激処方で、大容量コスパ抜群の定番化粧水。,needs-coverage-review,review,B,公式根拠との対応を確認対象にする,https://www.muji.com/jp/ja/store/cmdty/detail/4550583434991
before,4,Anua ドクダミ77% スージングトナー,desc,人気,ドクダミエキス77%配合で毛穴ケアと鎮静効果が話題の韓国人気化粧水。さっぱりした使い心地。,unsupported,neutralize,D,商品固有の一次情報が未記録のまま強い表現を公開,
before,4,Anua ドクダミ77% スージングトナー,desc,話題,ドクダミエキス77%配合で毛穴ケアと鎮静効果が話題の韓国人気化粧水。さっぱりした使い心地。,unsupported,neutralize,D,商品固有の一次情報が未記録のまま強い表現を公開,
before,4,Anua ドクダミ77% スージングトナー,desc,鎮静,ドクダミエキス77%配合で毛穴ケアと鎮静効果が話題の韓国人気化粧水。さっぱりした使い心地。,unsupported,neutralize,D,商品固有の一次情報が未記録のまま強い表現を公開,
before,4,Anua ドクダミ77% スージングトナー,desc,毛穴,ドクダミエキス77%配合で毛穴ケアと鎮静効果が話題の韓国人気化粧水。さっぱりした使い心地。,unsupported,neutralize,D,商品固有の一次情報が未記録のまま強い表現を公開,
before,6,ヒフミド エッセンスローション,desc,高機能,ヒト型セラミド3種配合。乾燥小じわに集中アプローチする高機能化粧水。,unsupported,neutralize,D,商品固有の一次情報が未記録のまま強い表現を公開,
before,7,イニスフリー グリーンティー ヒアルロン スキン,desc,バリア,チェジュ島緑茶由来成分配合。緑茶乳酸菌が肌のうるおいバリアをサポートするみずみずしい化粧水。,unsupported,neutralize,D,商品固有の一次情報が未記録のまま強い表現を公開,
before,9,アクアレーベル バランスケア ローション,desc,定番,うるおいバランスを整えるドラッグストアの定番。ベタつきにくくしっとり仕上がる化粧水。,unsupported,neutralize,D,商品固有の一次情報が未記録のまま強い表現を公開,
before,11,Torriden ダイブイン 低分子ヒアルロン酸トナー,desc,人気,5種類の低分子ヒアルロン酸配合。肌にすばやく浸透し、ベタつかずにうるおいで満たす韓国人気トナー。,unsupported,neutralize,D,商品固有の一次情報が未記録のまま強い表現を公開,
before,11,Torriden ダイブイン 低分子ヒアルロン酸トナー,desc,浸透,5種類の低分子ヒアルロン酸配合。肌にすばやく浸透し、ベタつかずにうるおいで満たす韓国人気トナー。,unsupported,neutralize,D,商品固有の一次情報が未記録のまま強い表現を公開,
before,12,ちふれ 化粧水 とてもしっとりタイプ,desc,定番,高保湿成分配合の超プチプラ化粧水。詰め替え用もあり経済的、シンプル処方で長年愛される定番。,unsupported,neutralize,D,商品固有の一次情報が未記録のまま強い表現を公開,
before,13,オルビス クリアフル ローション M,desc,ニキビ,繰り返す大人ニキビにアプローチする薬用化粧水。うるおいを与えながら肌荒れを防ぐしっとりタイプ。,unsupported,neutralize,D,商品固有の一次情報が未記録のまま強い表現を公開,
before,14,SK-II フェイシャルトリートメントクリアローション,desc,透明感,古い角質をやさしくオフする拭き取り化粧水。ピテラ™配合で肌を整え透明感を引き出します。,unsupported,neutralize,D,商品固有の一次情報が未記録のまま強い表現を公開,
before,15,VT シカ マイルドトナー,desc,人気,CICA成分配合で肌を鎮静。低刺激でゆらぎやすい肌を整える韓国の人気シカライン。,unsupported,neutralize,D,商品固有の一次情報が未記録のまま強い表現を公開,
before,15,VT シカ マイルドトナー,desc,低刺激,CICA成分配合で肌を鎮静。低刺激でゆらぎやすい肌を整える韓国の人気シカライン。,unsupported,neutralize,D,商品固有の一次情報が未記録のまま強い表現を公開,
before,15,VT シカ マイルドトナー,desc,鎮静,CICA成分配合で肌を鎮静。低刺激でゆらぎやすい肌を整える韓国の人気シカライン。,unsupported,neutralize,D,商品固有の一次情報が未記録のまま強い表現を公開,
before,16,d プログラム バランスケア ローション MB,desc,ニキビ,敏感肌のための薬用化粧水。皮脂バランスを整えながらうるおいを与え、肌荒れ・ニキビを防ぎます。,unsupported,neutralize,D,商品固有の一次情報が未記録のまま強い表現を公開,
before,17,ハダラボ 白潤プレミアム 薬用浸透美白化粧水,desc,美白,トラネキサム酸配合の薬用美白化粧水。プチプラながらシミ・そばかすを防ぐ、とろみのある使い心地。,needs-coverage-review,review,A,公式根拠との対応を確認対象にする,https://www.shop.rohto.co.jp/category/skincare/hadalabo/shirojyun-premium/168446.html
before,17,ハダラボ 白潤プレミアム 薬用浸透美白化粧水,desc,シミ,トラネキサム酸配合の薬用美白化粧水。プチプラながらシミ・そばかすを防ぐ、とろみのある使い心地。,needs-coverage-review,review,A,公式根拠との対応を確認対象にする,https://www.shop.rohto.co.jp/category/skincare/hadalabo/shirojyun-premium/168446.html
before,17,ハダラボ 白潤プレミアム 薬用浸透美白化粧水,editorialEvidence.officialFeatures.0,炎症,美白有効成分トラネキサム酸と抗炎症有効成分グリチルリチン酸2Kを配合した医薬部外品です。,verified-official,keep,A,同じeditorialEvidence内の公式sourceで根拠を管理,https://www.shop.rohto.co.jp/category/skincare/hadalabo/shirojyun-premium/168446.html
before,17,ハダラボ 白潤プレミアム 薬用浸透美白化粧水,editorialEvidence.officialFeatures.0,美白,美白有効成分トラネキサム酸と抗炎症有効成分グリチルリチン酸2Kを配合した医薬部外品です。,verified-official,keep,A,同じeditorialEvidence内の公式sourceで根拠を管理,https://www.shop.rohto.co.jp/category/skincare/hadalabo/shirojyun-premium/168446.html
before,17,ハダラボ 白潤プレミアム 薬用浸透美白化粧水,editorialEvidence.decision.chooseWhen.0,美白,"医薬部外品の美白化粧水を1,000円前後で比較したい",verified-official,keep,A,同じeditorialEvidence内の公式sourceで根拠を管理,https://www.shop.rohto.co.jp/category/skincare/hadalabo/shirojyun-premium/168446.html
before,18,KOSE 米肌 肌潤化粧水,desc,実力派,ライスパワーNo.11配合で肌の水分保持能を改善。乾燥による小じわにもアプローチする実力派化粧水。,unsupported,neutralize,D,商品固有の一次情報が未記録のまま強い表現を公開,
before,18,KOSE 米肌 肌潤化粧水,desc,改善,ライスパワーNo.11配合で肌の水分保持能を改善。乾燥による小じわにもアプローチする実力派化粧水。,unsupported,neutralize,D,商品固有の一次情報が未記録のまま強い表現を公開,
before,20,ロクシタン イモーテル プレシューズエッセンスフェース,desc,エイジング,イモーテルエッセンシャルオイル配合のエイジングケア化粧水。ハリと弾力に満ちた肌へ導きます。,unsupported,neutralize,D,商品固有の一次情報が未記録のまま強い表現を公開,
before,21,SK-II フェイシャルトリートメントエッセンス,desc,透明感,SK-IIを代表する美容液。独自成分ピテラ™配合で透明感とハリのある肌へ導きます。,unsupported,neutralize,D,商品固有の一次情報が未記録のまま強い表現を公開,
before,24,オバジ C25セラム ネオ,desc,毛穴,純粋ビタミンC25%配合の高濃度美容液。毛穴・キメ・くすみ・ハリの多角的悩みにアプローチ。,needs-coverage-review,review,A,公式根拠との対応を確認対象にする,https://www.shop.rohto.co.jp/category/skincare/obagi/obagi-c/199891.html
before,26,Beauty of Joseon グロウセラム 米+アルブチン,desc,人気,米ぬか発酵エキス＋アルブチン配合。くすみケアとうるおいを両立する韓国の人気プチプラ美容液。,unsupported,neutralize,D,商品固有の一次情報が未記録のまま強い表現を公開,
before,27,資生堂 アルティミューン パワライジングコンセントレート III,desc,ロングセラー,肌のバリア機能に着目した先行美容液。うるおいで肌コンディションを整えるロングセラー。,unsupported,neutralize,D,商品固有の一次情報が未記録のまま強い表現を公開,
before,27,資生堂 アルティミューン パワライジングコンセントレート III,desc,バリア,肌のバリア機能に着目した先行美容液。うるおいで肌コンディションを整えるロングセラー。,unsupported,neutralize,D,商品固有の一次情報が未記録のまま強い表現を公開,
before,28,メラノCC 薬用しみ集中対策 美容液,desc,美白,活性型ビタミンCなど4つの有効成分を配合した20mLの薬用美白美容液。化粧水後に全顔または部分使いできます。,needs-coverage-review,review,A,公式根拠との対応を確認対象にする,https://jp.rohto.com/melanocc/essence/ | https://jp.rohto.com/melanocc/promotion/essence/
before,30,イニスフリー ブラックティー ユースセラム,desc,エイジング,発酵茶葉由来Rコンセントレート配合。乾燥くすみやハリ低下にアプローチするエイジングケア美容液。,needs-coverage-review,review,A,公式根拠との対応を確認対象にする,https://www.innisfree.jp/products/black-tea-youth-serum-1566
before,32,ロート製薬 Obagi C10セラム,desc,毛穴,ビタミンC10%配合の入門向け美容液。毛穴・キメを整えてつるんとした肌へ導きます。,unsupported,neutralize,D,商品固有の一次情報が未記録のまま強い表現を公開,
before,33,Torriden バランスフル シカ セラム,desc,鎮静,孔雀石抽出物配合の3秒セラム。すばやく浸透して鎮静、テカリが気になる肌にぴったり。,unsupported,neutralize,D,商品固有の一次情報が未記録のまま強い表現を公開,
before,33,Torriden バランスフル シカ セラム,desc,浸透,孔雀石抽出物配合の3秒セラム。すばやく浸透して鎮静、テカリが気になる肌にぴったり。,unsupported,neutralize,D,商品固有の一次情報が未記録のまま強い表現を公開,
before,34,ELIXIR エンリッチド リンクルクリーム S,desc,改善,純粋レチノール配合の薬用シワ改善美容液。目もと・口もとの気になるシワを改善する医薬部外品。,unsupported,neutralize,D,商品固有の一次情報が未記録のまま強い表現を公開,
before,34,ELIXIR エンリッチド リンクルクリーム S,desc,シワ改善,純粋レチノール配合の薬用シワ改善美容液。目もと・口もとの気になるシワを改善する医薬部外品。,unsupported,neutralize,D,商品固有の一次情報が未記録のまま強い表現を公開,
before,35,ドクターシーラボ VC100エッセンスローションEX,desc,浸透,高浸透ビタミンC誘導体配合の化粧水兼美容液。毛穴・ハリ・くすみをトータルケア。,unsupported,neutralize,D,商品固有の一次情報が未記録のまま強い表現を公開,
before,35,ドクターシーラボ VC100エッセンスローションEX,desc,毛穴,高浸透ビタミンC誘導体配合の化粧水兼美容液。毛穴・ハリ・くすみをトータルケア。,unsupported,neutralize,D,商品固有の一次情報が未記録のまま強い表現を公開,
before,40,キュレル 潤浸保湿フェイスクリーム,desc,低刺激,セラミドケアの濃厚保湿クリーム。夜の乾燥対策に、低刺激処方をうたう敏感肌配慮設計。,needs-coverage-review,review,A,公式根拠との対応を確認対象にする,https://www.kao-kirei.com/ja/item/kbb/curel/4901301423221/ | https://www.kao-kirei.com/ja/official/curel/special/facecream/
before,42,キュレル エイジングケアシリーズ クリーム,desc,エイジング,セラミドケア＋ハリ成分配合のエイジングケアクリーム。年齢を重ねた敏感肌をふっくら保湿。,unsupported,neutralize,D,商品固有の一次情報が未記録のまま強い表現を公開,
before,43,Glow Recipe ウォーターメロングロウ モイストクリーム,desc,毛穴,スイカエキスとヒアルロン酸配合。べたつかずしっとりするライトウェイトクリーム、毛穴ケアにも。,unsupported,neutralize,D,商品固有の一次情報が未記録のまま強い表現を公開,
before,44,ラロッシュポゼ トレリアン ウルトラ,desc,鎮静,敏感肌専用の保湿クリーム。ターマルウォーター配合で肌を鎮静し、デリケートな肌を守ります。,unsupported,neutralize,D,商品固有の一次情報が未記録のまま強い表現を公開,
before,45,ETUDE スンジョン センシティブクリーム,desc,低刺激,パンテノール配合の低刺激クリーム。敏感肌をやさしく保湿する韓国のスキンケアライン。,unsupported,neutralize,D,商品固有の一次情報が未記録のまま強い表現を公開,
before,48,ラロッシュポゼ エファクラー モウスW,desc,低刺激,皮脂コントロールに特化した泡洗顔。過剰な皮脂を落としつつ肌バランスを整える低刺激処方。,unsupported,neutralize,D,商品固有の一次情報が未記録のまま強い表現を公開,
before,50,ビオレ ザ クレンズ オイルメイク落とし,desc,毛穴,濃いメイクも素早く溶かすクレンジングオイル。とろけるテクスチャーで毛穴汚れもオフ。,unsupported,neutralize,D,商品固有の一次情報が未記録のまま強い表現を公開,
before,51,CeraVe ハイドレイティングクレンザー,desc,低刺激,セラミド配合の保湿洗顔料。うるおいを残しながら洗い上げる、皮膚科医も推奨する低刺激処方。,unsupported,neutralize,D,商品固有の一次情報が未記録のまま強い表現を公開,
before,52,専科 パーフェクトホイップ,desc,定番,濃密なもっちり泡が特徴のプチプラ洗顔。シルクエキス配合でしっとり洗い上げる定番品。,unsupported,neutralize,D,商品固有の一次情報が未記録のまま強い表現を公開,
before,53,Anua ヘチマ70 ポアクレンジングオイル,desc,人気,ヘチマエキス配合のクレンジングオイル。毛穴の黒ずみや角栓をすっきり落とす韓国人気アイテム。,unsupported,neutralize,D,商品固有の一次情報が未記録のまま強い表現を公開,
before,53,Anua ヘチマ70 ポアクレンジングオイル,desc,毛穴,ヘチマエキス配合のクレンジングオイル。毛穴の黒ずみや角栓をすっきり落とす韓国人気アイテム。,unsupported,neutralize,D,商品固有の一次情報が未記録のまま強い表現を公開,
before,54,ロゼット 洗顔パスタ 海泥スムース,desc,毛穴,海泥配合の毛穴ケア洗顔。余分な皮脂や角質を吸着し、つるんとなめらかな肌に洗い上げます。,unsupported,neutralize,D,商品固有の一次情報が未記録のまま強い表現を公開,
before,55,無印良品 マイルド保湿洗顔フォーム,desc,低刺激,天然うるおい成分配合の低刺激洗顔フォーム。敏感肌にもやさしく、しっとり洗い上げます。,unsupported,neutralize,D,商品固有の一次情報が未記録のまま強い表現を公開,
before,57,アネッサ パーフェクトUV スキンケアミルク N,desc,高機能,SPF50+ PA++++。汗・水・熱に強いオートブースター技術。スキンケア成分50%配合の高機能UV。,unsupported,neutralize,D,商品固有の一次情報が未記録のまま強い表現を公開,
before,59,スキンアクア トーンアップUVエッセンス,desc,透明感,SPF50+ PA++++。ラベンダーカラーで透明感アップ。プチプラなのに化粧下地としても優秀。,unsupported,neutralize,D,商品固有の一次情報が未記録のまま強い表現を公開,
before,61,イニスフリー トーンアップ ノーセバム サンスクリーン,desc,人気,SPF50+ PA++++。皮脂テカリを抑えながら自然にトーンアップ。化粧下地にもなる韓国人気UV。,unsupported,neutralize,D,商品固有の一次情報が未記録のまま強い表現を公開,
before,62,ルルルン プレシャス GREEN（バランス）,desc,定番,32枚入り大容量フェイスマスク。毎日使える肌バランス保湿マスク、プチプラで続けやすい定番。,needs-coverage-review,review,A,公式根拠との対応を確認対象にする,https://lululun.com/shop/products/pg4fb-2111 | https://lululun.com/shop/products/LUAA091101
before,63,MEDIHEAL N.M.F アクアリングアンプルマスク,desc,人気,NMF保湿成分配合の韓国人気シートマスク。10枚入り、肌にうるおいをたっぷりチャージ。,unsupported,neutralize,D,商品固有の一次情報が未記録のまま強い表現を公開,
before,65,VT シカ デイリースージングマスク,desc,鎮静,CICA成分配合のデイリーマスク。30枚入りで肌荒れ・赤みを鎮静、コスパの良い韓国シカパック。,unsupported,neutralize,D,商品固有の一次情報が未記録のまま強い表現を公開,
before,66,クオリティファースト ダーマレーザー スーパーVC100マスク,desc,高機能,ビタミンC誘導体配合の集中ケアマスク。毛穴・くすみにアプローチする高機能シートマスク。,unsupported,neutralize,D,商品固有の一次情報が未記録のまま強い表現を公開,
before,66,クオリティファースト ダーマレーザー スーパーVC100マスク,desc,毛穴,ビタミンC誘導体配合の集中ケアマスク。毛穴・くすみにアプローチする高機能シートマスク。,unsupported,neutralize,D,商品固有の一次情報が未記録のまま強い表現を公開,
before,67,メディキューブ エイジショット ニードルアイクリーム,desc,人気,目もとのハリ・小じわにアプローチするアイクリーム。塗る美容針コンセプトの韓国人気アイテム。,unsupported,neutralize,D,商品固有の一次情報が未記録のまま強い表現を公開,
before,71,Dr.Jart+ シカペアクリーム,desc,人気,CICA成分配合の鎮静クリーム。赤み・肌荒れをケアし、ゆらぎ肌を健やかに整える韓国人気品。,unsupported,neutralize,D,商品固有の一次情報が未記録のまま強い表現を公開,
before,71,Dr.Jart+ シカペアクリーム,desc,鎮静,CICA成分配合の鎮静クリーム。赤み・肌荒れをケアし、ゆらぎ肌を健やかに整える韓国人気品。,unsupported,neutralize,D,商品固有の一次情報が未記録のまま強い表現を公開,
before,73,ロート製薬 メンソレータム リップ メディケーティッド,desc,定番,乾燥した唇をケアする薬用リップクリーム。ビタミン配合でうるおいを保つ携帯に便利な定番品。,unsupported,neutralize,D,商品固有の一次情報が未記録のまま強い表現を公開,
before,74,クラランス ダブル セーラム EX,desc,エイジング,水溶性と油溶性の2層構造美容液。21種の植物成分で多角的にエイジングケア、ハリ・ツヤ肌へ。,unsupported,neutralize,D,商品固有の一次情報が未記録のまま強い表現を公開,
before,76,LANCÔME ジェニフィック アドバンスト N,desc,透明感,肌のうるおいバリアに着目した先行美容液。なめらかなテクスチャーでハリと透明感のある肌へ。,unsupported,neutralize,D,商品固有の一次情報が未記録のまま強い表現を公開,
before,76,LANCÔME ジェニフィック アドバンスト N,desc,バリア,肌のうるおいバリアに着目した先行美容液。なめらかなテクスチャーでハリと透明感のある肌へ。,unsupported,neutralize,D,商品固有の一次情報が未記録のまま強い表現を公開,
before,77,NUMBUZIN 5番 ハリツヤ濃縮 TXAアンプル,desc,人気,トラネキサム酸配合の高濃縮アンプル。くすみケアとハリツヤを両立する韓国人気のセラム。,unsupported,neutralize,D,商品固有の一次情報が未記録のまま強い表現を公開,
before,79,コーセー 雪肌精 クリアウェルネス ピュア コンク,desc,定番,和漢植物エキス配合の薬用美白化粧液。みずみずしくうるおい、透明感を目指す定番の1本。,unsupported,neutralize,D,商品固有の一次情報が未記録のまま強い表現を公開,
before,79,コーセー 雪肌精 クリアウェルネス ピュア コンク,desc,透明感,和漢植物エキス配合の薬用美白化粧液。みずみずしくうるおい、透明感を目指す定番の1本。,unsupported,neutralize,D,商品固有の一次情報が未記録のまま強い表現を公開,
before,79,コーセー 雪肌精 クリアウェルネス ピュア コンク,desc,美白,和漢植物エキス配合の薬用美白化粧液。みずみずしくうるおい、透明感を目指す定番の1本。,unsupported,neutralize,D,商品固有の一次情報が未記録のまま強い表現を公開,
before,83,ペアアクネ クリーミーフォーム,desc,毛穴,思春期・大人ニキビ向け薬用洗顔フォーム。なめらかな泡で毛穴汚れをオフし肌荒れを防ぐ。,unsupported,neutralize,D,商品固有の一次情報が未記録のまま強い表現を公開,
before,83,ペアアクネ クリーミーフォーム,desc,ニキビ,思春期・大人ニキビ向け薬用洗顔フォーム。なめらかな泡で毛穴汚れをオフし肌荒れを防ぐ。,unsupported,neutralize,D,商品固有の一次情報が未記録のまま強い表現を公開,
before,84,ジルスチュアート リラックス ボディローション,desc,人気,上品な香りの全身保湿ローション。みずみずしくのびてしっとり、ギフトにも人気のアイテム。,unsupported,neutralize,D,商品固有の一次情報が未記録のまま強い表現を公開,
before,88,オードムーゲ 薬用ローション,desc,定番,拭き取り式の薬用ローション。肌のあれ・ニキビを防ぐ、長年愛される清潔ケアの定番品。,unsupported,neutralize,D,商品固有の一次情報が未記録のまま強い表現を公開,
before,88,オードムーゲ 薬用ローション,desc,ニキビ,拭き取り式の薬用ローション。肌のあれ・ニキビを防ぐ、長年愛される清潔ケアの定番品。,unsupported,neutralize,D,商品固有の一次情報が未記録のまま強い表現を公開,
before,90,ANUA ナイアシンアミド10% + TXA4% セラム,desc,人気,ナイアシンアミドとトラネキサム酸配合。くすみ・毛穴・色ムラにアプローチする韓国人気セラム。,unsupported,neutralize,D,商品固有の一次情報が未記録のまま強い表現を公開,
before,90,ANUA ナイアシンアミド10% + TXA4% セラム,desc,毛穴,ナイアシンアミドとトラネキサム酸配合。くすみ・毛穴・色ムラにアプローチする韓国人気セラム。,unsupported,neutralize,D,商品固有の一次情報が未記録のまま強い表現を公開,
before,93,ONE BY KOSE メラノショット ホワイト D,desc,実力派,コウジ酸配合の薬用美白美容液。メラニンの生成を抑え、シミ・そばかすを防ぐ実力派。,unsupported,neutralize,D,商品固有の一次情報が未記録のまま強い表現を公開,
before,93,ONE BY KOSE メラノショット ホワイト D,desc,美白,コウジ酸配合の薬用美白美容液。メラニンの生成を抑え、シミ・そばかすを防ぐ実力派。,unsupported,neutralize,D,商品固有の一次情報が未記録のまま強い表現を公開,
before,93,ONE BY KOSE メラノショット ホワイト D,desc,シミ,コウジ酸配合の薬用美白美容液。メラニンの生成を抑え、シミ・そばかすを防ぐ実力派。,unsupported,neutralize,D,商品固有の一次情報が未記録のまま強い表現を公開,
before,94,ドゥーオーガニック クオリティ セラム モイスト,desc,肌に優しい,オーガニック認証の発酵美容液。国産植物成分でうるおいとハリを与える肌に優しいセラム。,unsupported,neutralize,D,商品固有の一次情報が未記録のまま強い表現を公開,
before,96,Mediheal マデカソ シカ アンプル,desc,鎮静,マデカッソシド配合の鎮静アンプル。赤み・肌荒れをケアし、ゆらぎ肌を整える韓国セラム。,unsupported,neutralize,D,商品固有の一次情報が未記録のまま強い表現を公開,
before,97,ETVOS モイスチャライジングセラム,desc,バリア,ヒト型セラミド5種配合の保湿美容液。バリア機能をサポートし、敏感肌のうるおいを保つ。,unsupported,neutralize,D,商品固有の一次情報が未記録のまま強い表現を公開,
before,98,KIEHL'S ウルトラ フェイシャル クリーム,desc,人気,スクワラン配合の定番保湿クリーム。24時間うるおいが続き、あらゆる肌質に使える人気品。,unsupported,neutralize,D,商品固有の一次情報が未記録のまま強い表現を公開,
before,98,KIEHL'S ウルトラ フェイシャル クリーム,desc,定番,スクワラン配合の定番保湿クリーム。24時間うるおいが続き、あらゆる肌質に使える人気品。,unsupported,neutralize,D,商品固有の一次情報が未記録のまま強い表現を公開,
before,99,無印良品 エイジングケア美容液,desc,エイジング,10種の植物由来成分配合のエイジングケア美容液。とろみのある質感でうるおいとハリを与える。,unsupported,neutralize,D,商品固有の一次情報が未記録のまま強い表現を公開,
before,100,rom&nd グラスティング ウォーター ティント,desc,人気,うるおいとツヤを与えるリップティント。みずみずしい発色で唇の乾燥を防ぐ韓国人気リップ。,unsupported,neutralize,D,商品固有の一次情報が未記録のまま強い表現を公開,
before,101,CLINIQUE 拭き取り化粧水 クラリファイングローション,desc,浸透,古い角質をやさしくオフする拭き取り化粧水。なめらかな肌に整え、次のケアの浸透を高める。,unsupported,neutralize,D,商品固有の一次情報が未記録のまま強い表現を公開,
before,102,キュレル 皮脂トラブルケア 保湿ジェル,desc,ニキビ,皮脂によるベタつき・ニキビが気になる肌向けのジェル。セラミドケアでうるおいバランスを整える。,unsupported,neutralize,D,商品固有の一次情報が未記録のまま強い表現を公開,
before,103,THE ORDINARY ナイアシンアミド 10% + Zinc 1%,desc,人気,高濃度ナイアシンアミド配合の機能性セラム。皮脂・毛穴ケアに、シンプル処方で人気のカナダブランド。,unsupported,neutralize,D,商品固有の一次情報が未記録のまま強い表現を公開,
before,103,THE ORDINARY ナイアシンアミド 10% + Zinc 1%,desc,毛穴,高濃度ナイアシンアミド配合の機能性セラム。皮脂・毛穴ケアに、シンプル処方で人気のカナダブランド。,unsupported,neutralize,D,商品固有の一次情報が未記録のまま強い表現を公開,
before,105,LANEIGE ウォーター スリーピング マスク EX,desc,人気,夜塗って寝るだけのスリーピングマスク。翌朝うるおいに満ちたもっちり肌へ導く韓国人気品。,unsupported,neutralize,D,商品固有の一次情報が未記録のまま強い表現を公開,
before,107,ちふれ 美容液 ノンアルコールタイプ,desc,定番,ヒアルロン酸配合の高保湿美容液。ノンアルコールで肌にやさしい、超プチプラの定番セラム。,unsupported,neutralize,D,商品固有の一次情報が未記録のまま強い表現を公開,
before,113,無印良品 日焼け止めミルク SPF50+,desc,低刺激,敏感肌にも使えるUVミルク。化粧下地にもなり、石けんで落とせる低刺激処方のプチプラUV。,unsupported,neutralize,D,商品固有の一次情報が未記録のまま強い表現を公開,
before,114,ファシオ パーマネントカール マスカラ,desc,人気,お湯で落ちるのに汗・水に強いマスカラ。カールキープ力に優れた人気のアイメイクアイテム。,unsupported,neutralize,D,商品固有の一次情報が未記録のまま強い表現を公開,
before,115,CipiCipi グリッターイルミネーションライナー,desc,人気,繊細なラメが目もとを華やかに彩るグリッターライナー。涙袋メイクにも人気のプチプラコスメ。,unsupported,neutralize,D,商品固有の一次情報が未記録のまま強い表現を公開,
before,116,Torriden セルメイジング クリーム,desc,エイジング,ペプチド配合のエイジングケアクリーム。ハリとうるおいを与え、なめらかな肌に整える韓国品。,unsupported,neutralize,D,商品固有の一次情報が未記録のまま強い表現を公開,
before,121,Innisfree レチノール シカ アンプル,desc,人気,レチノールとCICA配合のエイジングケアアンプル。ハリケアと鎮静を両立する韓国人気セラム。,unsupported,neutralize,D,商品固有の一次情報が未記録のまま強い表現を公開,
before,121,Innisfree レチノール シカ アンプル,desc,鎮静,レチノールとCICA配合のエイジングケアアンプル。ハリケアと鎮静を両立する韓国人気セラム。,unsupported,neutralize,D,商品固有の一次情報が未記録のまま強い表現を公開,
before,121,Innisfree レチノール シカ アンプル,desc,エイジング,レチノールとCICA配合のエイジングケアアンプル。ハリケアと鎮静を両立する韓国人気セラム。,unsupported,neutralize,D,商品固有の一次情報が未記録のまま強い表現を公開,
before,123,FEMMUE ルミエール ヴァイタルC,desc,人気,ビタミンC誘導体配合の人気ブライトニングセラム。透明感とうるおいを与える上質な韓国発コスメ。,unsupported,neutralize,D,商品固有の一次情報が未記録のまま強い表現を公開,
before,123,FEMMUE ルミエール ヴァイタルC,desc,透明感,ビタミンC誘導体配合の人気ブライトニングセラム。透明感とうるおいを与える上質な韓国発コスメ。,unsupported,neutralize,D,商品固有の一次情報が未記録のまま強い表現を公開,
before,124,コスメデコルテ リポソーム アドバンスト リペアセラム,desc,定番,進化した多重層リポソーム美容液。角層のすみずみまで届けてうるおい・ハリ・ツヤを整える定番。,unsupported,neutralize,D,商品固有の一次情報が未記録のまま強い表現を公開,
before,125,ナイアード ガスールパウダー,desc,肌に優しい,モロッコの天然クレイ「ガスール」。皮脂・汚れを吸着して洗い流す、肌に優しい洗顔・パック素材。,unsupported,neutralize,D,商品固有の一次情報が未記録のまま強い表現を公開,
before,127,MISSHA タイムレボリューション ナイトリペア アンプル,desc,ロングセラー,発酵成分配合の夜用集中アンプル。とろみのある質感で翌朝のハリ・ツヤを整える韓国のロングセラー。,unsupported,neutralize,D,商品固有の一次情報が未記録のまま強い表現を公開,
before,128,ALOBABY ミルクローション,desc,低刺激,オーガニック由来成分の全身用ミルクローション。赤ちゃんから大人まで使える低刺激保湿。,unsupported,neutralize,D,商品固有の一次情報が未記録のまま強い表現を公開,
before,129,UNO ホイップウォッシュ,desc,人気,メンズ向け濃密泡洗顔。皮脂や毛穴汚れをすっきり落とす、男性に人気のプチプラ洗顔料。,unsupported,neutralize,D,商品固有の一次情報が未記録のまま強い表現を公開,
before,129,UNO ホイップウォッシュ,desc,毛穴,メンズ向け濃密泡洗顔。皮脂や毛穴汚れをすっきり落とす、男性に人気のプチプラ洗顔料。,unsupported,neutralize,D,商品固有の一次情報が未記録のまま強い表現を公開,
before,130,ettusais エテュセ 薬用 アクネ ジェルクリーム,desc,ニキビ,ニキビを防ぐ薬用ジェルクリーム。べたつかずうるおいを与え、ゆらぎがちな肌をケア。,unsupported,neutralize,D,商品固有の一次情報が未記録のまま強い表現を公開,
before,132,Abib ガムシートマスク ドクダミカーミング,desc,人気,ドクダミエキス配合の鎮静シートマスク。密着力の高いシートで肌荒れ・赤みをケアする韓国人気品。,unsupported,neutralize,D,商品固有の一次情報が未記録のまま強い表現を公開,
before,132,Abib ガムシートマスク ドクダミカーミング,desc,鎮静,ドクダミエキス配合の鎮静シートマスク。密着力の高いシートで肌荒れ・赤みをケアする韓国人気品。,unsupported,neutralize,D,商品固有の一次情報が未記録のまま強い表現を公開,
before,134,ロート製薬 50の恵 養潤液,desc,人気,50種の保湿・ハリ成分配合のオールインワン化粧水。エイジング世代に人気の高保湿ケア。,unsupported,neutralize,D,商品固有の一次情報が未記録のまま強い表現を公開,
before,134,ロート製薬 50の恵 養潤液,desc,エイジング,50種の保湿・ハリ成分配合のオールインワン化粧水。エイジング世代に人気の高保湿ケア。,unsupported,neutralize,D,商品固有の一次情報が未記録のまま強い表現を公開,
before,137,Saborino 目ざまシート,desc,人気,朝の60秒で洗顔・スキンケア・保湿が完了する朝用マスク。忙しい朝の時短ケアに人気の定番品。,unsupported,neutralize,D,商品固有の一次情報が未記録のまま強い表現を公開,
before,137,Saborino 目ざまシート,desc,定番,朝の60秒で洗顔・スキンケア・保湿が完了する朝用マスク。忙しい朝の時短ケアに人気の定番品。,unsupported,neutralize,D,商品固有の一次情報が未記録のまま強い表現を公開,
before,138,ロクシタン シア ハンドクリーム,desc,人気,シアバター20%配合の濃密ハンドクリーム。乾燥した手肌をしっとり保湿、ギフトにも人気の定番。,unsupported,neutralize,D,商品固有の一次情報が未記録のまま強い表現を公開,
before,138,ロクシタン シア ハンドクリーム,desc,定番,シアバター20%配合の濃密ハンドクリーム。乾燥した手肌をしっとり保湿、ギフトにも人気の定番。,unsupported,neutralize,D,商品固有の一次情報が未記録のまま強い表現を公開,
before,139,メンソレータム アクネス 薬用クリーム洗顔,desc,ニキビ,ニキビを防ぐ薬用クリーム洗顔。アクネ菌を殺菌しながら、うるおいを守って洗い上げるプチプラ品。,unsupported,neutralize,D,商品固有の一次情報が未記録のまま強い表現を公開,
before,141,ハーバー 高品位スクワラン,desc,定番,純度99.9%のスクワランオイル。1滴で肌をしっとりなめらかに整える無添加の美容オイル定番。,unsupported,neutralize,D,商品固有の一次情報が未記録のまま強い表現を公開,
before,142,コーセー 米肌 活潤リフト クリーム,editorialEvidence.comparisonPoints.0,改善,同ブランドの肌潤改善エッセンスは医薬部外品ですが、このクリームは化粧品です。,verified-official,keep,A,同じeditorialEvidence内の公式sourceで根拠を管理,https://maihada.jp/site/g/gPREC/
before,142,コーセー 米肌 活潤リフト クリーム,editorialEvidence.decision.compareWhen.0,改善,水分保持能改善の有効成分を持つ医薬部外品を求める,verified-official,keep,A,同じeditorialEvidence内の公式sourceで根拠を管理,https://maihada.jp/site/g/gPREC/
before,143,dasique シャドウパレット,desc,人気,発色のよいアイシャドウパレット。デイリーに使いやすいカラー展開で韓国コスメ好きに人気。,unsupported,neutralize,D,商品固有の一次情報が未記録のまま強い表現を公開,
before,144,Anua 桃70% ナイアシン セラム,desc,人気,桃エキス70%＋ナイアシンアミド配合。くすみケアとうるおいを両立する韓国人気の角質ケアセラム。,unsupported,neutralize,D,商品固有の一次情報が未記録のまま強い表現を公開,
before,145,ロート製薬 ケアセラ APフェイス＆ボディ乳液,desc,人気,7種の天然型セラミド配合の全身用乳液。顔も体も全身保湿、乾燥肌・敏感肌に人気のプチプラ品。,unsupported,neutralize,D,商品固有の一次情報が未記録のまま強い表現を公開,
before,146,ファンケル エンリッチプラス 化粧液 II,desc,エイジング,コラーゲンとハリ成分配合のエイジングケア化粧液。無添加でうるおいとハリを与えるとろみ化粧水。,unsupported,neutralize,D,商品固有の一次情報が未記録のまま強い表現を公開,
before,147,エスティローダー マイクロ エッセンス ローション,desc,浸透,発酵成分配合の先行美容液ローション。みずみずしく浸透し透明感とうるおいに満ちた肌へ。,unsupported,neutralize,D,商品固有の一次情報が未記録のまま強い表現を公開,
before,147,エスティローダー マイクロ エッセンス ローション,desc,透明感,発酵成分配合の先行美容液ローション。みずみずしく浸透し透明感とうるおいに満ちた肌へ。,unsupported,neutralize,D,商品固有の一次情報が未記録のまま強い表現を公開,
before,149,CICABIO クリーム,desc,鎮静,乾燥して荒れた肌の集中ケアクリーム。鎮静成分配合で、デリケートな肌をなめらかに整える。,unsupported,neutralize,D,商品固有の一次情報が未記録のまま強い表現を公開,
before,150,無印良品 クリアケア化粧水,desc,毛穴,フルーツ酸（AHA）配合の角質ケア化粧水。毛穴の汚れや古い角質をオフし、なめらかな肌に整える。,unsupported,neutralize,D,商品固有の一次情報が未記録のまま強い表現を公開,
before,152,ロレアルパリ レビタリフト ファーミング セラム,desc,浸透,ヒアルロン酸高配合のハリ・弾力セラム。みずみずしく浸透し、ふっくらしたハリ肌へ導くプチプラ品。,unsupported,neutralize,D,商品固有の一次情報が未記録のまま強い表現を公開,
before,153,VT リードルショット 100,desc,人気,塗る針コンセプトの人気セラム。スパイキュール配合で肌のキメ・毛穴・なめらかさにアプローチ。,unsupported,neutralize,D,商品固有の一次情報が未記録のまま強い表現を公開,
before,153,VT リードルショット 100,desc,毛穴,塗る針コンセプトの人気セラム。スパイキュール配合で肌のキメ・毛穴・なめらかさにアプローチ。,unsupported,neutralize,D,商品固有の一次情報が未記録のまま強い表現を公開,
before,155,肌美精 超浸透3Dマスク エイジングケア,desc,エイジング,立体構造シートが密着するエイジングケアマスク。うるおいとハリを与える、プチプラの集中ケア品。,unsupported,neutralize,D,商品固有の一次情報が未記録のまま強い表現を公開,
before,157,KOSE 雪肌精 みずみずしい化粧水,editorialEvidence.decision.compareWhen.1,美白,"1,000円台の薬用美白化粧水を優先したい",verified-official,keep,B,同じeditorialEvidence内の公式sourceで根拠を管理,https://maison.kose.co.jp/site/sekkisei/g/gMTSE/
before,158,ONE THING ドクダミエキス,desc,人気,ドクダミ単一成分の化粧水。シンプル処方で肌を鎮静、手持ちのケアに足せる韓国の人気原液トナー。,unsupported,neutralize,D,商品固有の一次情報が未記録のまま強い表現を公開,
before,158,ONE THING ドクダミエキス,desc,鎮静,ドクダミ単一成分の化粧水。シンプル処方で肌を鎮静、手持ちのケアに足せる韓国の人気原液トナー。,unsupported,neutralize,D,商品固有の一次情報が未記録のまま強い表現を公開,
before,159,HAKU メラノフォーカスEV,desc,美白,HAKUの薬用美白美容液の前世代EV。現行メラノフォーカスIVとの違いとレフィル互換性を確認して選ぶ商品です。,needs-coverage-review,review,B,公式根拠との対応を確認対象にする,https://www.shiseido.co.jp/haku/lineup/melanofocusiv/ | https://www.shiseido.co.jp/haku/faq/
before,159,HAKU メラノフォーカスEV,editorialEvidence.comparisonPoints.1,美白,薬用美白美容液では有効成分だけでなく、世代とレフィル互換性も購入判断になります。,verified-official,keep,B,同じeditorialEvidence内の公式sourceで根拠を管理,https://www.shiseido.co.jp/haku/lineup/melanofocusiv/ | https://www.shiseido.co.jp/haku/faq/
before,159,HAKU メラノフォーカスEV,editorialEvidence.decision.compareWhen.1,美白,低価格の薬用美白美容液を優先したい,verified-official,keep,B,同じeditorialEvidence内の公式sourceで根拠を管理,https://www.shiseido.co.jp/haku/lineup/melanofocusiv/ | https://www.shiseido.co.jp/haku/faq/
before,160,Bulgari オムニア クリスタリン ボディローション,desc,人気,上品な香りをまとえる全身用ボディローション。しっとりなめらかな肌に整える、ギフト人気の高級品。,unsupported,neutralize,D,商品固有の一次情報が未記録のまま強い表現を公開,
before,161,ロート製薬 メラノCC 薬用しみ対策 美白化粧水,desc,美白,ビタミンC＋アルピニアホワイト配合の薬用美白化粧水。さっぱりした使い心地でシミ予防、プチプラ。,unsupported,neutralize,D,商品固有の一次情報が未記録のまま強い表現を公開,
before,161,ロート製薬 メラノCC 薬用しみ対策 美白化粧水,desc,シミ,ビタミンC＋アルピニアホワイト配合の薬用美白化粧水。さっぱりした使い心地でシミ予防、プチプラ。,unsupported,neutralize,D,商品固有の一次情報が未記録のまま強い表現を公開,
before,162,OLAY レチノール24 ナイトモイスチャライザー,desc,実力派,レチノール＋ナイアシンアミド配合の夜用クリーム。翌朝のなめらかさとハリをサポートする実力派。,unsupported,neutralize,D,商品固有の一次情報が未記録のまま強い表現を公開,
before,165,ファンケル ディープクリア洗顔パウダー,desc,毛穴,酵素＋吸着泥配合の洗顔パウダー。毛穴の黒ずみ・角栓をオフしながら、うるおいを守って洗い上げる。,unsupported,neutralize,D,商品固有の一次情報が未記録のまま強い表現を公開,
before,167,DEW スペリア ローション コンセントレート,desc,浸透,ローヤルゼリー配合の濃密保湿化粧水。とろみのある質感で角層まで浸透し、ハリ・うるおいを与える。,unsupported,neutralize,D,商品固有の一次情報が未記録のまま強い表現を公開,
before,169,Torriden ビタCブライトニングアンプル,desc,人気,ビタミンC配合のブライトニング美容液。みずみずしいテクスチャーで毛穴とくすみにアプローチ、朝のメイク前にもおすすめの韓国人気アンプル。,unsupported,neutralize,D,商品固有の一次情報が未記録のまま強い表現を公開,
before,169,Torriden ビタCブライトニングアンプル,desc,毛穴,ビタミンC配合のブライトニング美容液。みずみずしいテクスチャーで毛穴とくすみにアプローチ、朝のメイク前にもおすすめの韓国人気アンプル。,unsupported,neutralize,D,商品固有の一次情報が未記録のまま強い表現を公開,
before,170,ナンバーズイン 5番 ビタミンCブライトニングセラム,desc,人気,ビタミン系成分を凝縮したブライトニングセラム。くすみのない明るい印象の肌を目指す、韓国で大人気のトーンケア美容液。,unsupported,neutralize,D,商品固有の一次情報が未記録のまま強い表現を公開,
before,171,MEDIHEAL マデカソサイド エッセンシャル トナーパッド,desc,人気,鎮静成分配合の拭き取り・コットンパッド。角質ケアとうるおい補給を同時に叶える、時短ケアに便利な韓国人気トナーパッド。,unsupported,neutralize,D,商品固有の一次情報が未記録のまま強い表現を公開,
before,171,MEDIHEAL マデカソサイド エッセンシャル トナーパッド,desc,鎮静,鎮静成分配合の拭き取り・コットンパッド。角質ケアとうるおい補給を同時に叶える、時短ケアに便利な韓国人気トナーパッド。,unsupported,neutralize,D,商品固有の一次情報が未記録のまま強い表現を公開,
before,172,ダルバ ウォーターフルトーンアップサンクリーム,desc,人気,UVケア・補正・保湿が1本で叶うトーンアップ日焼け止め。自然に明るい肌に整え、乾燥しにくいと人気の韓国の万能下地。,unsupported,neutralize,D,商品固有の一次情報が未記録のまま強い表現を公開,
before,173,ロート製薬 メラノCC 美白パック,desc,毛穴,ビタミンC配合の洗い流すタイプの美白パック。気になる毛穴やくすみに密着、プチプラで続けやすい集中ケアアイテム。,unsupported,neutralize,D,商品固有の一次情報が未記録のまま強い表現を公開,
before,173,ロート製薬 メラノCC 美白パック,desc,美白,ビタミンC配合の洗い流すタイプの美白パック。気になる毛穴やくすみに密着、プチプラで続けやすい集中ケアアイテム。,unsupported,neutralize,D,商品固有の一次情報が未記録のまま強い表現を公開,
before,174,VT シナモロール限定 CICAデイリースージングマスク,desc,人気,Qoo10で人気No.1常連のシカデイリーマスク。30枚入りで肌荒れ・赤みを鎮静しながらたっぷり保湿、コスパ抜群の韓国シートマスク。,unsupported,neutralize,D,商品固有の一次情報が未記録のまま強い表現を公開,
before,174,VT シナモロール限定 CICAデイリースージングマスク,desc,鎮静,Qoo10で人気No.1常連のシカデイリーマスク。30枚入りで肌荒れ・赤みを鎮静しながらたっぷり保湿、コスパ抜群の韓国シートマスク。,unsupported,neutralize,D,商品固有の一次情報が未記録のまま強い表現を公開,
before,175,イニスフリー レチノール シカ リペア アンプル,desc,人気,レチノールとCICAを掛け合わせたエイジングケアアンプル。ハリ不足と肌荒れを同時にケア、夜のスペシャルケアに人気の韓国セラム。,unsupported,neutralize,D,商品固有の一次情報が未記録のまま強い表現を公開,
before,175,イニスフリー レチノール シカ リペア アンプル,desc,エイジング,レチノールとCICAを掛け合わせたエイジングケアアンプル。ハリ不足と肌荒れを同時にケア、夜のスペシャルケアに人気の韓国セラム。,unsupported,neutralize,D,商品固有の一次情報が未記録のまま強い表現を公開,
before,176,ランコム ジェニフィック アルティメ エッセンスローション,desc,受賞,VOCEベストコスメ受賞の発酵化粧水。新鮮なシールド感でうるおいを満たし、お疲れ肌をすばやく整えるリュクスなローション。,unsupported,neutralize,D,商品固有の一次情報が未記録のまま強い表現を公開,
before,176,ランコム ジェニフィック アルティメ エッセンスローション,desc,ベストコスメ,VOCEベストコスメ受賞の発酵化粧水。新鮮なシールド感でうるおいを満たし、お疲れ肌をすばやく整えるリュクスなローション。,unsupported,neutralize,D,商品固有の一次情報が未記録のまま強い表現を公開,
before,177,コーセー 米肌 肌潤改善エッセンス,editorialEvidence.officialFeatures.0,改善,ライスパワーNo.11を有効成分とし、皮膚水分保持能の改善を承認範囲として掲げる医薬部外品です。,verified-official,keep,A,同じeditorialEvidence内の公式sourceで根拠を管理,https://maihada.jp/site/g/gPRBE/
before,178,エスティローダー アドバンス ナイト リペア SMR コンプレックス,desc,ロングセラー,夜の集中補修に着目したロングセラー美容液の最新世代。うるおいとハリを与え、翌朝のなめらかな肌コンディションを整える茶色いボトル。,unsupported,neutralize,D,商品固有の一次情報が未記録のまま強い表現を公開,
before,179,VT リードルショット 300,desc,人気,塗る針コンセプトで人気のリードルショットの高濃度タイプ。スパイキュール配合でキメ・毛穴・なめらかさにアプローチする韓国セラム。,needs-coverage-review,review,A,公式根拠との対応を確認対象にする,https://www.vtcosmetics.jp/product/%E3%83%AA%E3%83%BC%E3%83%89%E3%83%AB%E3%82%B7%E3%83%A7%E3%83%83%E3%83%88300/653/
before,179,VT リードルショット 300,desc,毛穴,塗る針コンセプトで人気のリードルショットの高濃度タイプ。スパイキュール配合でキメ・毛穴・なめらかさにアプローチする韓国セラム。,needs-coverage-review,review,A,公式根拠との対応を確認対象にする,https://www.vtcosmetics.jp/product/%E3%83%AA%E3%83%BC%E3%83%89%E3%83%AB%E3%82%B7%E3%83%A7%E3%83%83%E3%83%88300/653/
before,180,Torriden ダイブイン マイクロ ヒアルロン酸 トナーパッド,desc,人気,低分子ヒアルロン酸配合のトナーパッド。角質ケアと保湿を同時に行え、肌をなめらかに整える人気のダイブインシリーズ。,unsupported,neutralize,D,商品固有の一次情報が未記録のまま強い表現を公開,
before,181,SKIN&LAB バクチオール0.2% アイセラム,desc,低刺激,レチノール代替成分として注目のバクチオール配合アイセラム。目もとのハリ・小じわをやさしくケアする低刺激処方の韓国アイクリーム。,unsupported,neutralize,D,商品固有の一次情報が未記録のまま強い表現を公開,
before,182,カネボウ ヴェイル オブ デイ／ナイト,desc,定番,朝用・夜用で使い分ける保湿クリーム。日中は紫外線・乾燥から守り、夜はうるおいを与えて整える、肌のリズムに着目した定番。,unsupported,neutralize,D,商品固有の一次情報が未記録のまま強い表現を公開,
before,183,ファンケル エンリッチプラス 乳液 II,desc,人気,コラーゲンとハリ成分配合の無添加エイジングケア乳液。うるおいとハリを与えながら、敏感肌にもやさしく使える人気アイテム。,unsupported,neutralize,D,商品固有の一次情報が未記録のまま強い表現を公開,
before,183,ファンケル エンリッチプラス 乳液 II,desc,エイジング,コラーゲンとハリ成分配合の無添加エイジングケア乳液。うるおいとハリを与えながら、敏感肌にもやさしく使える人気アイテム。,unsupported,neutralize,D,商品固有の一次情報が未記録のまま強い表現を公開,
before,184,Abib ヒアルロン酸 ジェルクリーム チューブ,desc,人気,5種のヒアルロン酸配合のみずみずしいジェルクリーム。ベタつかずにうるおいを閉じ込める、韓国で人気の保湿クリーム。,unsupported,neutralize,D,商品固有の一次情報が未記録のまま強い表現を公開,
before,186,CNP Laboratory プロポリス エナジー アンプル,desc,人気,プロポリスエキス高配合のとろみアンプル。うるおいとツヤを与えながら肌をすこやかに整える、韓国皮膚科学コスメの人気美容液。,unsupported,neutralize,D,商品固有の一次情報が未記録のまま強い表現を公開,
before,187,ビオレ UV キービジュアルデザイン アクアリッチ ライトアップエッセンス,desc,定番,SPF50+ PA++++。みずみずしいエッセンスで自然にトーンアップ。白浮きせず化粧下地にも使える、プチプラUVの定番進化版。,unsupported,neutralize,D,商品固有の一次情報が未記録のまま強い表現を公開,
before,190,rom&nd グラスティング メルティング バーム,desc,人気,うるおいとツヤを与えるリップバーム。とろけるような塗り心地で唇の乾燥を防ぐ、韓国で人気のグラスティングシリーズ。,unsupported,neutralize,D,商品固有の一次情報が未記録のまま強い表現を公開,
before,191,メンソレータム アクネス25 メディカルミルク,desc,ニキビ,ニキビを防ぐ薬用乳液。うるおいを与えながら肌のバランスを整える、思春期・大人ニキビ向けのプチプラ保湿アイテム。,unsupported,neutralize,D,商品固有の一次情報が未記録のまま強い表現を公開,
before,193,ロゼット 洗顔パスタ アクネクリア,editorialEvidence.comparisonPoints.1,ニキビ,ニキビ予防系洗顔では有効成分、容量、1回量を比較できます。,verified-official,keep,A,同じeditorialEvidence内の公式sourceで根拠を管理,https://www.rosette.jp/Form/Product/ProductDetail.aspx?pid=054186-900&shop=0 | https://www.rosette.jp/Page/guide_faq.aspx
before,193,ロゼット 洗顔パスタ アクネクリア,editorialEvidence.decision.chooseWhen.0,ニキビ,医薬部外品のニキビ予防洗顔を探している,verified-official,keep,A,同じeditorialEvidence内の公式sourceで根拠を管理,https://www.rosette.jp/Form/Product/ProductDetail.aspx?pid=054186-900&shop=0 | https://www.rosette.jp/Page/guide_faq.aspx
before,194,BULK HOMME ザ フェイスウォッシュ,desc,人気,濃密泡が特徴のメンズ向け洗顔料。クレイミネラルズ配合で毛穴汚れを落としつつうるおいを守る人気ブランド。,unsupported,neutralize,D,商品固有の一次情報が未記録のまま強い表現を公開,
before,194,BULK HOMME ザ フェイスウォッシュ,desc,毛穴,濃密泡が特徴のメンズ向け洗顔料。クレイミネラルズ配合で毛穴汚れを落としつつうるおいを守る人気ブランド。,unsupported,neutralize,D,商品固有の一次情報が未記録のまま強い表現を公開,
before,196,グーダル 青みかんビタCクレンジングフォーム,editorialEvidence.decision.compareWhen.0,ニキビ,ニキビ予防の承認効能を持つ医薬部外品を希望する,verified-official,keep,A,同じeditorialEvidence内の公式sourceで根拠を管理,https://goodalcosmetic.jp/products/goodal-green-tangerine-dark-spot-c-v%E3%82%AF%E3%83%AC%E3%83%B3%E3%82%B8%E3%83%B3%E3%82%B0%E3%83%95%E3%82%A9%E3%83%BC%E3%83%A0-150ml | https://prtimes.jp/main/html/rd/p/000000043.000056098.html
before,198,Obagi C洗顔フォーム,desc,人気,ビタミンC配合の濃密泡洗顔。毛穴やキメを整えながら洗い上げる、ハリのある肌を目指す人に人気。,unsupported,neutralize,D,商品固有の一次情報が未記録のまま強い表現を公開,
before,198,Obagi C洗顔フォーム,desc,毛穴,ビタミンC配合の濃密泡洗顔。毛穴やキメを整えながら洗い上げる、ハリのある肌を目指す人に人気。,unsupported,neutralize,D,商品固有の一次情報が未記録のまま強い表現を公開,
before,200,VT CICA マイルドクレンジングフォーム,desc,鎮静,CICA成分配合の鎮静クレンジングフォーム。肌荒れを防ぎながらやさしく洗える韓国のシカライン。,unsupported,neutralize,D,商品固有の一次情報が未記録のまま強い表現を公開,
before,202,ファンケル 洗顔パウダー,desc,人気,酵素配合の無添加パウダー洗顔。毛穴の汚れや角質をオフしつつ、うるおいを守って洗い上げる人気品。,unsupported,neutralize,D,商品固有の一次情報が未記録のまま強い表現を公開,
before,202,ファンケル 洗顔パウダー,desc,毛穴,酵素配合の無添加パウダー洗顔。毛穴の汚れや角質をオフしつつ、うるおいを守って洗い上げる人気品。,unsupported,neutralize,D,商品固有の一次情報が未記録のまま強い表現を公開,
before,203,ロート製薬 メラノCC ディープデイケアUV乳液,editorialEvidence.comparisonPoints.1,美白,薬用美白美容液ではなく化粧品のUV乳液です。,verified-official,keep,A,同じeditorialEvidence内の公式sourceで根拠を管理,https://www.shop.rohto.co.jp/category/skincare/melanocc/191048.html
before,203,ロート製薬 メラノCC ディープデイケアUV乳液,editorialEvidence.decision.compareWhen.1,美白,医薬部外品の美白美容液を探している,verified-official,keep,A,同じeditorialEvidence内の公式sourceで根拠を管理,https://www.shop.rohto.co.jp/category/skincare/melanocc/191048.html
before,205,d プログラム 薬用 アクネケア美容液,editorialEvidence.comparisonPoints.1,ニキビ,ニキビ予防系では、洗顔料や化粧水ではなく美容液工程に置く商品です。,verified-official,keep,A,同じeditorialEvidence内の公式sourceで根拠を管理,https://www.shiseido.co.jp/dprogram/product/acnecare_serum/ | https://www.shiseido.co.jp/sw/onlinestore/products/H26401.html
before,205,d プログラム 薬用 アクネケア美容液,editorialEvidence.decision.compareWhen.1,ニキビ,洗顔や化粧水だけでニキビ予防ケアを組みたい,verified-official,keep,A,同じeditorialEvidence内の公式sourceで根拠を管理,https://www.shiseido.co.jp/dprogram/product/acnecare_serum/ | https://www.shiseido.co.jp/sw/onlinestore/products/H26401.html
before,207,ビオレ おうちdeエステ 洗顔ジェル,desc,毛穴,マッサージしながら毛穴汚れをオフする洗顔ジェル。なめらかな肌に整えるプチプラのスペシャルケア。,unsupported,neutralize,D,商品固有の一次情報が未記録のまま強い表現を公開,
before,208,オルビス ミスター3ステップセット フォーミングウォッシュ エッセンスローション,desc,定番,ORBIS Mr.のメンズ向け化粧水。皮脂と乾燥のバランスに配慮した設計で、朝晩のケアに使いやすい定番のひとつ。,unsupported,neutralize,D,商品固有の一次情報が未記録のまま強い表現を公開,
before,209,UNO スキンセラムウォーター f 化粧水 200mL,desc,定番,UNOのメンズ向け化粧水。皮脂と乾燥のバランスに配慮した設計で、朝晩のケアに使いやすい定番のひとつ。,unsupported,neutralize,D,商品固有の一次情報が未記録のまま強い表現を公開,
before,210,ニベアメン アクティブエイジローション,desc,定番,ニベアメンのメンズ向け化粧水。皮脂と乾燥のバランスに配慮した設計で、朝晩のケアに使いやすい定番のひとつ。,unsupported,neutralize,D,商品固有の一次情報が未記録のまま強い表現を公開,
before,211,リップスボーイ 薬用フェイストナー 250ml 化粧水 大容量 保湿 乾燥 テカリ,desc,定番,LIPPS BOYのメンズ向け化粧水。皮脂と乾燥のバランスに配慮した設計で、朝晩のケアに使いやすい定番のひとつ。,unsupported,neutralize,D,商品固有の一次情報が未記録のまま強い表現を公開,
before,212,ジゲン オールインワンフェイスジェル 100g,desc,定番,ZIGENのメンズ向け化粧水。皮脂と乾燥のバランスに配慮した設計で、朝晩のケアに使いやすい定番のひとつ。,unsupported,neutralize,D,商品固有の一次情報が未記録のまま強い表現を公開,
before,213,マーロ MARO17 スキンローション 180ml MARO 化粧水・ローション,desc,定番,MAROのメンズ向け化粧水。皮脂と乾燥のバランスに配慮した設計で、朝晩のケアに使いやすい定番のひとつ。,unsupported,neutralize,D,商品固有の一次情報が未記録のまま強い表現を公開,
before,214,化粧水・敏感肌用・高保湿タイプ 400ml,desc,定番,無印良品のメンズ向け化粧水。皮脂と乾燥のバランスに配慮した設計で、朝晩のケアに使いやすい定番のひとつ。,unsupported,neutralize,D,商品固有の一次情報が未記録のまま強い表現を公開,
before,215,洗顔料＆泡立てネットセット THE FACE WASH＆THE BUBBLE,desc,定番,BULK HOMMEのメンズ向け洗顔料。皮脂と乾燥のバランスに配慮した設計で、朝晩のケアに使いやすい定番のひとつ。,unsupported,neutralize,D,商品固有の一次情報が未記録のまま強い表現を公開,
before,216,ギャツビー フェイシャルウォッシュ パーフェクトスクラブ,desc,定番,GATSBYのメンズ向け洗顔料。皮脂と乾燥のバランスに配慮した設計で、朝晩のケアに使いやすい定番のひとつ。,unsupported,neutralize,D,商品固有の一次情報が未記録のまま強い表現を公開,
before,217,メンズビオレ 泡タイプ洗顔 つめかえ,desc,定番,メンズビオレのメンズ向け洗顔料。皮脂と乾燥のバランスに配慮した設計で、朝晩のケアに使いやすい定番のひとつ。,unsupported,neutralize,D,商品固有の一次情報が未記録のまま強い表現を公開,
before,218,ウーノ uno ホイップウォッシュ 3+おまけ 炭 洗顔 アブラ テカリ サラサラ,desc,定番,UNOのメンズ向け洗顔料。皮脂と乾燥のバランスに配慮した設計で、朝晩のケアに使いやすい定番のひとつ。,unsupported,neutralize,D,商品固有の一次情報が未記録のまま強い表現を公開,
before,219,リップスボーイ 薬用フェイスウォッシュ 150ml 濃密 泡洗顔 メンズ,desc,定番,LIPPS BOYのメンズ向け洗顔料。皮脂と乾燥のバランスに配慮した設計で、朝晩のケアに使いやすい定番のひとつ。,unsupported,neutralize,D,商品固有の一次情報が未記録のまま強い表現を公開,
before,220,バルクオム BULKHOMME THE REPAIR LOTION 100ml ＋,desc,定番,BULK HOMMEのメンズ向け化粧水。皮脂と乾燥のバランスに配慮した設計で、朝晩のケアに使いやすい定番のひとつ。,unsupported,neutralize,D,商品固有の一次情報が未記録のまま強い表現を公開,
before,221,ニベアUV ニベアメン UVプロテクトジェル 40g SPF50+ PA+++,desc,定番,ニベアメンのメンズ向け日焼け止め。皮脂と乾燥のバランスに配慮した設計で、朝晩のケアに使いやすい定番のひとつ。,unsupported,neutralize,D,商品固有の一次情報が未記録のまま強い表現を公開,
before,222,アネッサ パーフェクトUV スキンケアジェル NB,desc,定番,アネッサのメンズ向け日焼け止め。皮脂と乾燥のバランスに配慮した設計で、朝晩のケアに使いやすい定番のひとつ。,unsupported,neutralize,D,商品固有の一次情報が未記録のまま強い表現を公開,
before,223,ニベアメン モーニング10 オイリーブロックジェル 100ミリリットル,desc,定番,ニベアメンのメンズ向けオールインワンジェル。皮脂と乾燥のバランスに配慮した設計で、朝晩のケアに使いやすい定番のひとつ。,unsupported,neutralize,D,商品固有の一次情報が未記録のまま強い表現を公開,
before,224,ギャツビー EXパーフェクトエッセンス,desc,定番,GATSBYのメンズ向けオールインワンジェル。皮脂と乾燥のバランスに配慮した設計で、朝晩のケアに使いやすい定番のひとつ。,unsupported,neutralize,D,商品固有の一次情報が未記録のまま強い表現を公開,
before,225,ウーノ バイタルクリームパーフェクション fA 90g 男性化粧品 フェイス用,desc,定番,UNOのメンズ向けオールインワンジェル。皮脂と乾燥のバランスに配慮した設計で、朝晩のケアに使いやすい定番のひとつ。,unsupported,neutralize,D,商品固有の一次情報が未記録のまま強い表現を公開,
before,226,ニベアメン フェイスウォッシュ モイスト,desc,定番,ニベアメンのメンズ向け洗顔料。皮脂と乾燥のバランスに配慮した設計で、朝晩のケアに使いやすい定番のひとつ。,unsupported,neutralize,D,商品固有の一次情報が未記録のまま強い表現を公開,
before,227,メンズビオレ ダブルスクラブ洗顔,desc,定番,メンズビオレのメンズ向け洗顔料。皮脂と乾燥のバランスに配慮した設計で、朝晩のケアに使いやすい定番のひとつ。,unsupported,neutralize,D,商品固有の一次情報が未記録のまま強い表現を公開,
before,228,DHCクレイ フェース ウォッシュ メンズ 洗顔 洗顔料 スキンケア 保湿,desc,定番,DHCのメンズ向け洗顔料。皮脂と乾燥のバランスに配慮した設計で、朝晩のケアに使いやすい定番のひとつ。,unsupported,neutralize,D,商品固有の一次情報が未記録のまま強い表現を公開,
before,229,ストーリア MARO マーロ 全身用クレンジングソープ つめかえ用 詰め替え用,desc,定番,MAROのメンズ向け洗顔料。皮脂と乾燥のバランスに配慮した設計で、朝晩のケアに使いやすい定番のひとつ。,unsupported,neutralize,D,商品固有の一次情報が未記録のまま強い表現を公開,
before,230,メンズビオレ ミクロスクラブ洗顔,desc,定番,メンズビオレのメンズ向け洗顔料。皮脂と乾燥のバランスに配慮した設計で、朝晩のケアに使いやすい定番のひとつ。,unsupported,neutralize,D,商品固有の一次情報が未記録のまま強い表現を公開,
before,231,ニベアメン アクティブエイジクリーム,desc,定番,ニベアメンのメンズ向け保湿クリーム。皮脂と乾燥のバランスに配慮した設計で、朝晩のケアに使いやすい定番のひとつ。,unsupported,neutralize,D,商品固有の一次情報が未記録のまま強い表現を公開,
before,232,NIVEA ニベアメン センシティブローション 110ml メンズ 化粧水 敏感肌,desc,定番,ニベアメンのメンズ向け化粧水。皮脂と乾燥のバランスに配慮した設計で、朝晩のケアに使いやすい定番のひとつ。,unsupported,neutralize,D,商品固有の一次情報が未記録のまま強い表現を公開,
before,233,OXY ディープウォッシュ 130g,desc,定番,OXYのメンズ向け洗顔料。皮脂と乾燥のバランスに配慮した設計で、朝晩のケアに使いやすい定番のひとつ。,unsupported,neutralize,D,商品固有の一次情報が未記録のまま強い表現を公開,
before,234,NULL 薬用アクネブロックフェイスウォッシュ 本体/ライムシトラス,desc,定番,NULLのメンズ向け洗顔料。皮脂と乾燥のバランスに配慮した設計で、朝晩のケアに使いやすい定番のひとつ。,unsupported,neutralize,D,商品固有の一次情報が未記録のまま強い表現を公開,
before,235,ウーノ UVパーフェクションジェル fA 80g 男性化粧品 フェイス用,desc,定番,UNOのメンズ向け日焼け止め。皮脂と乾燥のバランスに配慮した設計で、朝晩のケアに使いやすい定番のひとつ。,unsupported,neutralize,D,商品固有の一次情報が未記録のまま強い表現を公開,
before,236,コーセーコスメポート サンカット パーフェクトUV スプレー SPF50,desc,定番,コーセーのメンズ向け日焼け止め。皮脂と乾燥のバランスに配慮した設計で、朝晩のケアに使いやすい定番のひとつ。,unsupported,neutralize,D,商品固有の一次情報が未記録のまま強い表現を公開,
before,237,花王 ニベアメンスキンコンディショナーバーム110ml メンズスキンケア 乳液,desc,定番,ニベアのメンズ向け保湿クリーム。皮脂と乾燥のバランスに配慮した設計で、朝晩のケアに使いやすい定番のひとつ。,unsupported,neutralize,D,商品固有の一次情報が未記録のまま強い表現を公開,
before,238,ニベアメン センシティブ クール アフターシェーブバーム,desc,定番,ニベアメンのメンズ向けアフターシェーブローション。皮脂と乾燥のバランスに配慮した設計で、朝晩のケアに使いやすい定番のひとつ。,unsupported,neutralize,D,商品固有の一次情報が未記録のまま強い表現を公開,
before,239,ギャツビー プレシェーブ ローション,desc,定番,GATSBYのメンズ向けアフターシェーブローション。皮脂と乾燥のバランスに配慮した設計で、朝晩のケアに使いやすい定番のひとつ。,unsupported,neutralize,D,商品固有の一次情報が未記録のまま強い表現を公開,
before,240,POLA ポーラ ギャラントムII アフターシェーブローション 180ml 男性用,desc,定番,POLAのメンズ向けアフターシェーブローション。皮脂と乾燥のバランスに配慮した設計で、朝晩のケアに使いやすい定番のひとつ。,unsupported,neutralize,D,商品固有の一次情報が未記録のまま強い表現を公開,
before,241,ロート スキンアクア ネクスタ シールド セラム UV ミルク 50ml,desc,定番,ロート製薬のメンズ向け日焼け止め。皮脂と乾燥のバランスに配慮した設計で、朝晩のケアに使いやすい定番のひとつ。,unsupported,neutralize,D,商品固有の一次情報が未記録のまま強い表現を公開,
before,242,KATAN Cica ダーマヒットセラム5 30g シカ ニードルショット 敏感肌,desc,鎮静,ツボクサエキス(CICA)配合の韓国発の美容液。肌荒れが気になるときの鎮静ケア向けとして販売されているアイテム。,unsupported,neutralize,D,商品固有の一次情報が未記録のまま強い表現を公開,
before,243,キュレル クリーム ジャー 90g ／医薬部外品 花王 潤浸保湿 セラミド 乾燥性,desc,定番,セラミドケア成分配合の保湿クリーム。全身に使える大容量ジャータイプで、低刺激設計をうたう乾燥肌向けの定番。,unsupported,neutralize,D,商品固有の一次情報が未記録のまま強い表現を公開,
before,243,キュレル クリーム ジャー 90g ／医薬部外品 花王 潤浸保湿 セラミド 乾燥性,desc,低刺激,セラミドケア成分配合の保湿クリーム。全身に使える大容量ジャータイプで、低刺激設計をうたう乾燥肌向けの定番。,unsupported,neutralize,D,商品固有の一次情報が未記録のまま強い表現を公開,
before,245,スキンライフ 薬用洗顔フォーム,desc,定番,ニキビを防ぐ薬用洗顔フォーム。うるおいを守りながら余分な皮脂と汚れを落とす、プチプラの定番医薬部外品。,unsupported,neutralize,D,商品固有の一次情報が未記録のまま強い表現を公開,
before,245,スキンライフ 薬用洗顔フォーム,desc,ニキビ,ニキビを防ぐ薬用洗顔フォーム。うるおいを守りながら余分な皮脂と汚れを落とす、プチプラの定番医薬部外品。,unsupported,neutralize,D,商品固有の一次情報が未記録のまま強い表現を公開,
before,247,クラシエ 肌美精 大人のニキビ対策 薬用美白化粧水 200mL 医薬部外品,desc,美白,大人ニキビと美白ケアを両立する薬用化粧水。ニキビを防ぎながら、メラニンの生成を抑えてしみ・そばかすを防ぐ医薬部外品。,unsupported,neutralize,D,商品固有の一次情報が未記録のまま強い表現を公開,
before,247,クラシエ 肌美精 大人のニキビ対策 薬用美白化粧水 200mL 医薬部外品,desc,ニキビ,大人ニキビと美白ケアを両立する薬用化粧水。ニキビを防ぎながら、メラニンの生成を抑えてしみ・そばかすを防ぐ医薬部外品。,unsupported,neutralize,D,商品固有の一次情報が未記録のまま強い表現を公開,
before,248,肌美精 大人のニキビ対策 薬用美白クリーム 50g 医薬部外品,desc,美白,大人ニキビと美白ケアを両立する薬用クリーム。うるおいを与えながらニキビを防ぎ、しみ・そばかすを防ぐ医薬部外品。,unsupported,neutralize,D,商品固有の一次情報が未記録のまま強い表現を公開,
before,248,肌美精 大人のニキビ対策 薬用美白クリーム 50g 医薬部外品,desc,ニキビ,大人ニキビと美白ケアを両立する薬用クリーム。うるおいを与えながらニキビを防ぎ、しみ・そばかすを防ぐ医薬部外品。,unsupported,neutralize,D,商品固有の一次情報が未記録のまま強い表現を公開,
after,4,Anua ドクダミ77% スージングトナー,desc,毛穴,Anua ドクダミ77% スージングトナーはAnuaの化粧水です。Moilumでは比較候補として整理し、掲載肌タイプは混合肌・脂性肌・敏感肌、掲載悩み分類はニキビ・吹き出物・肌荒れ・赤み・毛穴の開き・黒ずみを掲載しています。,catalog-classification,keep,D,効能断定ではなくSSoTの掲載分類を明示,
after,4,Anua ドクダミ77% スージングトナー,desc,ニキビ,Anua ドクダミ77% スージングトナーはAnuaの化粧水です。Moilumでは比較候補として整理し、掲載肌タイプは混合肌・脂性肌・敏感肌、掲載悩み分類はニキビ・吹き出物・肌荒れ・赤み・毛穴の開き・黒ずみを掲載しています。,catalog-classification,keep,D,効能断定ではなくSSoTの掲載分類を明示,
after,8,ファンケル モイストリファイン 化粧液 II,desc,毛穴,ファンケル モイストリファイン 化粧液 IIはファンケルの化粧水です。Moilumでは比較候補として整理し、掲載肌タイプは乾燥肌・敏感肌、掲載悩み分類は乾燥・かさつき・毛穴の開き・黒ずみを掲載しています。,catalog-classification,keep,D,効能断定ではなくSSoTの掲載分類を明示,
after,9,アクアレーベル バランスケア ローション,desc,毛穴,アクアレーベル バランスケア ローションは資生堂の化粧水です。Moilumでは比較候補として整理し、掲載肌タイプは混合肌・普通肌、掲載悩み分類は乾燥・かさつき・毛穴の開き・黒ずみを掲載しています。,catalog-classification,keep,D,効能断定ではなくSSoTの掲載分類を明示,
after,13,オルビス クリアフル ローション M,desc,毛穴,オルビス クリアフル ローション Mはオルビスの化粧水です。Moilumでは比較候補として整理し、掲載肌タイプは脂性肌・混合肌、掲載悩み分類はニキビ・吹き出物・毛穴の開き・黒ずみを掲載しています。,catalog-classification,keep,D,効能断定ではなくSSoTの掲載分類を明示,
after,13,オルビス クリアフル ローション M,desc,ニキビ,オルビス クリアフル ローション Mはオルビスの化粧水です。Moilumでは比較候補として整理し、掲載肌タイプは脂性肌・混合肌、掲載悩み分類はニキビ・吹き出物・毛穴の開き・黒ずみを掲載しています。,catalog-classification,keep,D,効能断定ではなくSSoTの掲載分類を明示,
after,14,SK-II フェイシャルトリートメントクリアローション,desc,毛穴,SK-II フェイシャルトリートメントクリアローションはSK-IIの化粧水です。Moilumでは比較候補として整理し、掲載肌タイプは普通肌・混合肌、掲載悩み分類は毛穴の開き・黒ずみ・シミ・くすみを掲載しています。,catalog-classification,keep,D,効能断定ではなくSSoTの掲載分類を明示,
after,14,SK-II フェイシャルトリートメントクリアローション,desc,シミ,SK-II フェイシャルトリートメントクリアローションはSK-IIの化粧水です。Moilumでは比較候補として整理し、掲載肌タイプは普通肌・混合肌、掲載悩み分類は毛穴の開き・黒ずみ・シミ・くすみを掲載しています。,catalog-classification,keep,D,効能断定ではなくSSoTの掲載分類を明示,
after,15,VT シカ マイルドトナー,desc,ニキビ,VT シカ マイルドトナーはVT Cosmeticsの化粧水です。Moilumでは比較候補として整理し、掲載肌タイプは敏感肌・混合肌、掲載悩み分類は肌荒れ・赤み・ニキビ・吹き出物を掲載しています。,catalog-classification,keep,D,効能断定ではなくSSoTの掲載分類を明示,
after,16,d プログラム バランスケア ローション MB,desc,ニキビ,d プログラム バランスケア ローション MBは資生堂の化粧水です。Moilumでは比較候補として整理し、掲載肌タイプは敏感肌・混合肌、掲載悩み分類は肌荒れ・赤み・ニキビ・吹き出物を掲載しています。,catalog-classification,keep,D,効能断定ではなくSSoTの掲載分類を明示,
after,17,ハダラボ 白潤プレミアム 薬用浸透美白化粧水,desc,炎症,ハダラボ 白潤プレミアム 薬用浸透美白化粧水はロート製薬の化粧水です。美白有効成分トラネキサム酸と抗炎症有効成分グリチルリチン酸2Kを配合した医薬部外品です。 内容量は170mL。,verified-official,keep,A,公式確認済み特徴または仕様から生成,https://www.shop.rohto.co.jp/category/skincare/hadalabo/shirojyun-premium/168446.html
after,17,ハダラボ 白潤プレミアム 薬用浸透美白化粧水,desc,浸透,ハダラボ 白潤プレミアム 薬用浸透美白化粧水はロート製薬の化粧水です。美白有効成分トラネキサム酸と抗炎症有効成分グリチルリチン酸2Kを配合した医薬部外品です。 内容量は170mL。,verified-official,keep,A,公式確認済み特徴または仕様から生成,https://www.shop.rohto.co.jp/category/skincare/hadalabo/shirojyun-premium/168446.html
after,17,ハダラボ 白潤プレミアム 薬用浸透美白化粧水,desc,美白,ハダラボ 白潤プレミアム 薬用浸透美白化粧水はロート製薬の化粧水です。美白有効成分トラネキサム酸と抗炎症有効成分グリチルリチン酸2Kを配合した医薬部外品です。 内容量は170mL。,verified-official,keep,A,公式確認済み特徴または仕様から生成,https://www.shop.rohto.co.jp/category/skincare/hadalabo/shirojyun-premium/168446.html
after,17,ハダラボ 白潤プレミアム 薬用浸透美白化粧水,editorialEvidence.officialFeatures.0,炎症,美白有効成分トラネキサム酸と抗炎症有効成分グリチルリチン酸2Kを配合した医薬部外品です。,verified-official,keep,A,同じeditorialEvidence内の公式sourceで根拠を管理,https://www.shop.rohto.co.jp/category/skincare/hadalabo/shirojyun-premium/168446.html
after,17,ハダラボ 白潤プレミアム 薬用浸透美白化粧水,editorialEvidence.officialFeatures.0,美白,美白有効成分トラネキサム酸と抗炎症有効成分グリチルリチン酸2Kを配合した医薬部外品です。,verified-official,keep,A,同じeditorialEvidence内の公式sourceで根拠を管理,https://www.shop.rohto.co.jp/category/skincare/hadalabo/shirojyun-premium/168446.html
after,17,ハダラボ 白潤プレミアム 薬用浸透美白化粧水,editorialEvidence.decision.chooseWhen.0,美白,"医薬部外品の美白化粧水を1,000円前後で比較したい",verified-official,keep,A,同じeditorialEvidence内の公式sourceで根拠を管理,https://www.shop.rohto.co.jp/category/skincare/hadalabo/shirojyun-premium/168446.html
after,21,SK-II フェイシャルトリートメントエッセンス,desc,シミ,SK-II フェイシャルトリートメントエッセンスはSK-IIの美容液です。Moilumでは比較候補として整理し、掲載肌タイプは普通肌・乾燥肌・混合肌、掲載悩み分類はシミ・くすみ・シワ・たるみを掲載しています。,catalog-classification,keep,D,効能断定ではなくSSoTの掲載分類を明示,
after,26,Beauty of Joseon グロウセラム 米+アルブチン,desc,シミ,Beauty of Joseon グロウセラム 米+アルブチンはBeauty of Joseonの美容液です。Moilumでは比較候補として整理し、掲載肌タイプは普通肌・乾燥肌・混合肌、掲載悩み分類はシミ・くすみ・乾燥・かさつきを掲載しています。,catalog-classification,keep,D,効能断定ではなくSSoTの掲載分類を明示,
after,32,ロート製薬 Obagi C10セラム,desc,毛穴,ロート製薬 Obagi C10セラムはロート製薬の美容液です。Moilumでは比較候補として整理し、掲載肌タイプは普通肌・混合肌、掲載悩み分類はシミ・くすみ・毛穴の開き・黒ずみを掲載しています。,catalog-classification,keep,D,効能断定ではなくSSoTの掲載分類を明示,
after,32,ロート製薬 Obagi C10セラム,desc,シミ,ロート製薬 Obagi C10セラムはロート製薬の美容液です。Moilumでは比較候補として整理し、掲載肌タイプは普通肌・混合肌、掲載悩み分類はシミ・くすみ・毛穴の開き・黒ずみを掲載しています。,catalog-classification,keep,D,効能断定ではなくSSoTの掲載分類を明示,
after,33,Torriden バランスフル シカ セラム,desc,ニキビ,Torriden バランスフル シカ セラムはTorridenの美容液です。Moilumでは比較候補として整理し、掲載肌タイプは敏感肌・混合肌、掲載悩み分類は肌荒れ・赤み・ニキビ・吹き出物を掲載しています。,catalog-classification,keep,D,効能断定ではなくSSoTの掲載分類を明示,
after,35,ドクターシーラボ VC100エッセンスローションEX,desc,毛穴,ドクターシーラボ VC100エッセンスローションEXはドクターシーラボの美容液です。Moilumでは比較候補として整理し、掲載肌タイプは普通肌・混合肌、掲載悩み分類はシミ・くすみ・毛穴の開き・黒ずみを掲載しています。,catalog-classification,keep,D,効能断定ではなくSSoTの掲載分類を明示,
after,35,ドクターシーラボ VC100エッセンスローションEX,desc,シミ,ドクターシーラボ VC100エッセンスローションEXはドクターシーラボの美容液です。Moilumでは比較候補として整理し、掲載肌タイプは普通肌・混合肌、掲載悩み分類はシミ・くすみ・毛穴の開き・黒ずみを掲載しています。,catalog-classification,keep,D,効能断定ではなくSSoTの掲載分類を明示,
after,39,AESTURA アトバリア365 クリーム,desc,バリア,AESTURA アトバリア365 クリームはAESTURAの保湿クリームです。高密度セラミドカプセルを特徴とする80mLの保湿クリームです。 内容量は80mL。,verified-official,keep,A,公式確認済み特徴または仕様から生成,https://jp.aestura.com/products/atobarrier365-cream | https://int.aestura.com/products/atobarrier365-cream
after,42,キュレル エイジングケアシリーズ クリーム,desc,エイジング,キュレル エイジングケアシリーズ クリームはキュレルの保湿クリームです。Moilumでは比較候補として整理し、掲載肌タイプは敏感肌・乾燥肌、掲載悩み分類はシワ・たるみ・乾燥・かさつきを掲載しています。,catalog-classification,keep,D,効能断定ではなくSSoTの掲載分類を明示,
after,43,Glow Recipe ウォーターメロングロウ モイストクリーム,desc,毛穴,Glow Recipe ウォーターメロングロウ モイストクリームはGlow Recipeの保湿クリームです。Moilumでは比較候補として整理し、掲載肌タイプは脂性肌・混合肌・普通肌、掲載悩み分類は毛穴の開き・黒ずみ・シミ・くすみを掲載しています。,catalog-classification,keep,D,効能断定ではなくSSoTの掲載分類を明示,
after,43,Glow Recipe ウォーターメロングロウ モイストクリーム,desc,シミ,Glow Recipe ウォーターメロングロウ モイストクリームはGlow Recipeの保湿クリームです。Moilumでは比較候補として整理し、掲載肌タイプは脂性肌・混合肌・普通肌、掲載悩み分類は毛穴の開き・黒ずみ・シミ・くすみを掲載しています。,catalog-classification,keep,D,効能断定ではなくSSoTの掲載分類を明示,
after,48,ラロッシュポゼ エファクラー モウスW,desc,毛穴,ラロッシュポゼ エファクラー モウスWはラロッシュポゼの洗顔です。Moilumでは比較候補として整理し、掲載肌タイプは脂性肌・混合肌、掲載悩み分類は毛穴の開き・黒ずみ・ニキビ・吹き出物を掲載しています。,catalog-classification,keep,D,効能断定ではなくSSoTの掲載分類を明示,
after,48,ラロッシュポゼ エファクラー モウスW,desc,ニキビ,ラロッシュポゼ エファクラー モウスWはラロッシュポゼの洗顔です。Moilumでは比較候補として整理し、掲載肌タイプは脂性肌・混合肌、掲載悩み分類は毛穴の開き・黒ずみ・ニキビ・吹き出物を掲載しています。,catalog-classification,keep,D,効能断定ではなくSSoTの掲載分類を明示,
after,50,ビオレ ザ クレンズ オイルメイク落とし,desc,毛穴,ビオレ ザ クレンズ オイルメイク落としは花王の洗顔です。Moilumでは比較候補として整理し、掲載肌タイプは全肌質・混合肌、掲載悩み分類は毛穴の開き・黒ずみを掲載しています。,catalog-classification,keep,D,効能断定ではなくSSoTの掲載分類を明示,
after,53,Anua ヘチマ70 ポアクレンジングオイル,desc,毛穴,Anua ヘチマ70 ポアクレンジングオイルはAnuaの洗顔です。Moilumでは比較候補として整理し、掲載肌タイプは脂性肌・混合肌、掲載悩み分類は毛穴の開き・黒ずみを掲載しています。,catalog-classification,keep,D,効能断定ではなくSSoTの掲載分類を明示,
after,54,ロゼット 洗顔パスタ 海泥スムース,desc,毛穴,ロゼット 洗顔パスタ 海泥スムースはロゼットの洗顔です。Moilumでは比較候補として整理し、掲載肌タイプは脂性肌・混合肌、掲載悩み分類は毛穴の開き・黒ずみ・ニキビ・吹き出物を掲載しています。,catalog-classification,keep,D,効能断定ではなくSSoTの掲載分類を明示,
after,54,ロゼット 洗顔パスタ 海泥スムース,desc,ニキビ,ロゼット 洗顔パスタ 海泥スムースはロゼットの洗顔です。Moilumでは比較候補として整理し、掲載肌タイプは脂性肌・混合肌、掲載悩み分類は毛穴の開き・黒ずみ・ニキビ・吹き出物を掲載しています。,catalog-classification,keep,D,効能断定ではなくSSoTの掲載分類を明示,
after,57,アネッサ パーフェクトUV スキンケアミルク N,desc,シミ,アネッサ パーフェクトUV スキンケアミルク Nは資生堂の日焼け止めです。Moilumでは比較候補として整理し、掲載肌タイプは全肌質・普通肌、掲載悩み分類はシミ・くすみを掲載しています。,catalog-classification,keep,D,効能断定ではなくSSoTの掲載分類を明示,
after,58,ラロッシュポゼ UVイデア XL プロテクショントーンアップ,desc,シミ,ラロッシュポゼ UVイデア XL プロテクショントーンアップはラロッシュポゼの日焼け止めです。Moilumでは比較候補として整理し、掲載肌タイプは敏感肌・混合肌、掲載悩み分類はシミ・くすみ・肌荒れ・赤みを掲載しています。,catalog-classification,keep,D,効能断定ではなくSSoTの掲載分類を明示,
after,59,スキンアクア トーンアップUVエッセンス,desc,シミ,スキンアクア トーンアップUVエッセンスはロート製薬の日焼け止めです。Moilumでは比較候補として整理し、掲載肌タイプは全肌質・混合肌、掲載悩み分類はシミ・くすみを掲載しています。,catalog-classification,keep,D,効能断定ではなくSSoTの掲載分類を明示,
after,60,ニベアUV ディープ プロテクト＆ケア ジェル,desc,シミ,ニベアUV ディープ プロテクト＆ケア ジェルはニベアの日焼け止めです。Moilumでは比較候補として整理し、掲載肌タイプは全肌質・乾燥肌、掲載悩み分類はシミ・くすみ・乾燥・かさつきを掲載しています。,catalog-classification,keep,D,効能断定ではなくSSoTの掲載分類を明示,
after,61,イニスフリー トーンアップ ノーセバム サンスクリーン,desc,毛穴,イニスフリー トーンアップ ノーセバム サンスクリーンはイニスフリーの日焼け止めです。Moilumでは比較候補として整理し、掲載肌タイプは脂性肌・混合肌、掲載悩み分類はシミ・くすみ・毛穴の開き・黒ずみを掲載しています。,catalog-classification,keep,D,効能断定ではなくSSoTの掲載分類を明示,
after,61,イニスフリー トーンアップ ノーセバム サンスクリーン,desc,シミ,イニスフリー トーンアップ ノーセバム サンスクリーンはイニスフリーの日焼け止めです。Moilumでは比較候補として整理し、掲載肌タイプは脂性肌・混合肌、掲載悩み分類はシミ・くすみ・毛穴の開き・黒ずみを掲載しています。,catalog-classification,keep,D,効能断定ではなくSSoTの掲載分類を明示,
after,65,VT シカ デイリースージングマスク,desc,ニキビ,VT シカ デイリースージングマスクはVT Cosmeticsのパック・マスクです。Moilumでは比較候補として整理し、掲載肌タイプは敏感肌・混合肌、掲載悩み分類は肌荒れ・赤み・ニキビ・吹き出物を掲載しています。,catalog-classification,keep,D,効能断定ではなくSSoTの掲載分類を明示,
after,66,クオリティファースト ダーマレーザー スーパーVC100マスク,desc,毛穴,クオリティファースト ダーマレーザー スーパーVC100マスクはクオリティファーストのパック・マスクです。Moilumでは比較候補として整理し、掲載肌タイプは普通肌・混合肌、掲載悩み分類はシミ・くすみ・毛穴の開き・黒ずみを掲載しています。,catalog-classification,keep,D,効能断定ではなくSSoTの掲載分類を明示,
after,66,クオリティファースト ダーマレーザー スーパーVC100マスク,desc,シミ,クオリティファースト ダーマレーザー スーパーVC100マスクはクオリティファーストのパック・マスクです。Moilumでは比較候補として整理し、掲載肌タイプは普通肌・混合肌、掲載悩み分類はシミ・くすみ・毛穴の開き・黒ずみを掲載しています。,catalog-classification,keep,D,効能断定ではなくSSoTの掲載分類を明示,
after,68,アイキララ,desc,シミ,アイキララは北の快適工房のアイケアです。Moilumでは比較候補として整理し、掲載肌タイプは普通肌・乾燥肌、掲載悩み分類はシワ・たるみ・シミ・くすみを掲載しています。,catalog-classification,keep,D,効能断定ではなくSSoTの掲載分類を明示,
after,77,NUMBUZIN 5番 ハリツヤ濃縮 TXAアンプル,desc,シミ,NUMBUZIN 5番 ハリツヤ濃縮 TXAアンプルはnumbuzinの美容液です。Moilumでは比較候補として整理し、掲載肌タイプは普通肌・乾燥肌、掲載悩み分類はシミ・くすみ・シワ・たるみを掲載しています。,catalog-classification,keep,D,効能断定ではなくSSoTの掲載分類を明示,
after,79,コーセー 雪肌精 クリアウェルネス ピュア コンク,desc,毛穴,コーセー 雪肌精 クリアウェルネス ピュア コンクはコーセーの化粧水です。Moilumでは比較候補として整理し、掲載肌タイプは普通肌・混合肌、掲載悩み分類はシミ・くすみ・毛穴の開き・黒ずみを掲載しています。,catalog-classification,keep,D,効能断定ではなくSSoTの掲載分類を明示,
after,79,コーセー 雪肌精 クリアウェルネス ピュア コンク,desc,シミ,コーセー 雪肌精 クリアウェルネス ピュア コンクはコーセーの化粧水です。Moilumでは比較候補として整理し、掲載肌タイプは普通肌・混合肌、掲載悩み分類はシミ・くすみ・毛穴の開き・黒ずみを掲載しています。,catalog-classification,keep,D,効能断定ではなくSSoTの掲載分類を明示,
after,81,DUO ザ クレンジングバーム,desc,毛穴,DUO ザ クレンジングバームはプレミアアンチエイジングの洗顔です。Moilumでは比較候補として整理し、掲載肌タイプは全肌質・乾燥肌、掲載悩み分類は毛穴の開き・黒ずみ・乾燥・かさつきを掲載しています。,catalog-classification,keep,D,効能断定ではなくSSoTの掲載分類を明示,
after,81,DUO ザ クレンジングバーム,desc,エイジング,DUO ザ クレンジングバームはプレミアアンチエイジングの洗顔です。Moilumでは比較候補として整理し、掲載肌タイプは全肌質・乾燥肌、掲載悩み分類は毛穴の開き・黒ずみ・乾燥・かさつきを掲載しています。,catalog-classification,keep,D,効能断定ではなくSSoTの掲載分類を明示,
after,83,ペアアクネ クリーミーフォーム,desc,毛穴,ペアアクネ クリーミーフォームはライオンの洗顔です。Moilumでは比較候補として整理し、掲載肌タイプは脂性肌・混合肌、掲載悩み分類はニキビ・吹き出物・毛穴の開き・黒ずみを掲載しています。,catalog-classification,keep,D,効能断定ではなくSSoTの掲載分類を明示,
after,83,ペアアクネ クリーミーフォーム,desc,ニキビ,ペアアクネ クリーミーフォームはライオンの洗顔です。Moilumでは比較候補として整理し、掲載肌タイプは脂性肌・混合肌、掲載悩み分類はニキビ・吹き出物・毛穴の開き・黒ずみを掲載しています。,catalog-classification,keep,D,効能断定ではなくSSoTの掲載分類を明示,
after,85,THREE バランシング クレンジングオイル,desc,毛穴,THREE バランシング クレンジングオイルはTHREEの洗顔です。Moilumでは比較候補として整理し、掲載肌タイプは全肌質・乾燥肌、掲載悩み分類は毛穴の開き・黒ずみを掲載しています。,catalog-classification,keep,D,効能断定ではなくSSoTの掲載分類を明示,
after,88,オードムーゲ 薬用ローション,desc,ニキビ,オードムーゲ 薬用ローションは小林製薬の化粧水です。Moilumでは比較候補として整理し、掲載肌タイプは脂性肌・混合肌、掲載悩み分類はニキビ・吹き出物・肌荒れ・赤みを掲載しています。,catalog-classification,keep,D,効能断定ではなくSSoTの掲載分類を明示,
after,90,ANUA ナイアシンアミド10% + TXA4% セラム,desc,毛穴,ANUA ナイアシンアミド10% + TXA4% セラムはAnuaの美容液です。Moilumでは比較候補として整理し、掲載肌タイプは普通肌・混合肌、掲載悩み分類はシミ・くすみ・毛穴の開き・黒ずみを掲載しています。,catalog-classification,keep,D,効能断定ではなくSSoTの掲載分類を明示,
after,90,ANUA ナイアシンアミド10% + TXA4% セラム,desc,シミ,ANUA ナイアシンアミド10% + TXA4% セラムはAnuaの美容液です。Moilumでは比較候補として整理し、掲載肌タイプは普通肌・混合肌、掲載悩み分類はシミ・くすみ・毛穴の開き・黒ずみを掲載しています。,catalog-classification,keep,D,効能断定ではなくSSoTの掲載分類を明示,
after,93,ONE BY KOSE メラノショット ホワイト D,desc,シミ,ONE BY KOSE メラノショット ホワイト Dはコーセーの美容液です。Moilumでは比較候補として整理し、掲載肌タイプは普通肌・混合肌、掲載悩み分類はシミ・くすみを掲載しています。,catalog-classification,keep,D,効能断定ではなくSSoTの掲載分類を明示,
after,96,Mediheal マデカソ シカ アンプル,desc,ニキビ,Mediheal マデカソ シカ アンプルはMEDIHEALの美容液です。Moilumでは比較候補として整理し、掲載肌タイプは敏感肌・混合肌、掲載悩み分類は肌荒れ・赤み・ニキビ・吹き出物を掲載しています。,catalog-classification,keep,D,効能断定ではなくSSoTの掲載分類を明示,
after,99,無印良品 エイジングケア美容液,desc,エイジング,無印良品 エイジングケア美容液は無印良品の美容液です。Moilumでは比較候補として整理し、掲載肌タイプは乾燥肌・普通肌、掲載悩み分類はシワ・たるみ・乾燥・かさつきを掲載しています。,catalog-classification,keep,D,効能断定ではなくSSoTの掲載分類を明示,
after,101,CLINIQUE 拭き取り化粧水 クラリファイングローション,desc,毛穴,CLINIQUE 拭き取り化粧水 クラリファイングローションはクリニークの化粧水です。Moilumでは比較候補として整理し、掲載肌タイプは混合肌・脂性肌、掲載悩み分類は毛穴の開き・黒ずみ・乾燥・かさつきを掲載しています。,catalog-classification,keep,D,効能断定ではなくSSoTの掲載分類を明示,
after,102,キュレル 皮脂トラブルケア 保湿ジェル,desc,毛穴,キュレル 皮脂トラブルケア 保湿ジェルはキュレルの保湿クリームです。Moilumでは比較候補として整理し、掲載肌タイプは脂性肌・混合肌、掲載悩み分類はニキビ・吹き出物・毛穴の開き・黒ずみを掲載しています。,catalog-classification,keep,D,効能断定ではなくSSoTの掲載分類を明示,
after,102,キュレル 皮脂トラブルケア 保湿ジェル,desc,ニキビ,キュレル 皮脂トラブルケア 保湿ジェルはキュレルの保湿クリームです。Moilumでは比較候補として整理し、掲載肌タイプは脂性肌・混合肌、掲載悩み分類はニキビ・吹き出物・毛穴の開き・黒ずみを掲載しています。,catalog-classification,keep,D,効能断定ではなくSSoTの掲載分類を明示,
after,103,THE ORDINARY ナイアシンアミド 10% + Zinc 1%,desc,毛穴,THE ORDINARY ナイアシンアミド 10% + Zinc 1%はThe Ordinaryの美容液です。Moilumでは比較候補として整理し、掲載肌タイプは脂性肌・混合肌、掲載悩み分類は毛穴の開き・黒ずみ・ニキビ・吹き出物を掲載しています。,catalog-classification,keep,D,効能断定ではなくSSoTの掲載分類を明示,
after,103,THE ORDINARY ナイアシンアミド 10% + Zinc 1%,desc,ニキビ,THE ORDINARY ナイアシンアミド 10% + Zinc 1%はThe Ordinaryの美容液です。Moilumでは比較候補として整理し、掲載肌タイプは脂性肌・混合肌、掲載悩み分類は毛穴の開き・黒ずみ・ニキビ・吹き出物を掲載しています。,catalog-classification,keep,D,効能断定ではなくSSoTの掲載分類を明示,
after,109,Bioré UV アスリズム スキンプロテクトエッセンス,desc,シミ,Bioré UV アスリズム スキンプロテクトエッセンスは花王の日焼け止めです。Moilumでは比較候補として整理し、掲載肌タイプは全肌質・混合肌、掲載悩み分類はシミ・くすみを掲載しています。,catalog-classification,keep,D,効能断定ではなくSSoTの掲載分類を明示,
after,110,ALLIE クロノビューティ ジェルUV EX,desc,シミ,ALLIE クロノビューティ ジェルUV EXはカネボウの日焼け止めです。Moilumでは比較候補として整理し、掲載肌タイプは全肌質・混合肌、掲載悩み分類はシミ・くすみを掲載しています。,catalog-classification,keep,D,効能断定ではなくSSoTの掲載分類を明示,
after,111,コーセー サンカット パーフェクトUV スプレー,desc,シミ,コーセー サンカット パーフェクトUV スプレーはコーセーの日焼け止めです。Moilumでは比較候補として整理し、掲載肌タイプは全肌質、掲載悩み分類はシミ・くすみを掲載しています。,catalog-classification,keep,D,効能断定ではなくSSoTの掲載分類を明示,
after,112,キュレル UVカット デイバリア UVローション,desc,バリア,キュレル UVカット デイバリア UVローションはキュレルの日焼け止めです。Moilumでは比較候補として整理し、掲載肌タイプは敏感肌・乾燥肌、掲載悩み分類はシミ・くすみ・乾燥・かさつきを掲載しています。,catalog-classification,keep,D,効能断定ではなくSSoTの掲載分類を明示,
after,112,キュレル UVカット デイバリア UVローション,desc,シミ,キュレル UVカット デイバリア UVローションはキュレルの日焼け止めです。Moilumでは比較候補として整理し、掲載肌タイプは敏感肌・乾燥肌、掲載悩み分類はシミ・くすみ・乾燥・かさつきを掲載しています。,catalog-classification,keep,D,効能断定ではなくSSoTの掲載分類を明示,
after,113,無印良品 日焼け止めミルク SPF50+,desc,シミ,無印良品 日焼け止めミルク SPF50+は無印良品の日焼け止めです。Moilumでは比較候補として整理し、掲載肌タイプは敏感肌・全肌質、掲載悩み分類はシミ・くすみを掲載しています。,catalog-classification,keep,D,効能断定ではなくSSoTの掲載分類を明示,
after,119,資生堂 dプログラム 薬用 スキンケアベース CC,desc,シミ,資生堂 dプログラム 薬用 スキンケアベース CCは資生堂の日焼け止めです。Moilumでは比較候補として整理し、掲載肌タイプは敏感肌・混合肌、掲載悩み分類はシミ・くすみ・肌荒れ・赤みを掲載しています。,catalog-classification,keep,D,効能断定ではなくSSoTの掲載分類を明示,
after,123,FEMMUE ルミエール ヴァイタルC,desc,毛穴,FEMMUE ルミエール ヴァイタルCはFEMMUEの美容液です。Moilumでは比較候補として整理し、掲載肌タイプは普通肌・混合肌、掲載悩み分類はシミ・くすみ・毛穴の開き・黒ずみを掲載しています。,catalog-classification,keep,D,効能断定ではなくSSoTの掲載分類を明示,
after,123,FEMMUE ルミエール ヴァイタルC,desc,シミ,FEMMUE ルミエール ヴァイタルCはFEMMUEの美容液です。Moilumでは比較候補として整理し、掲載肌タイプは普通肌・混合肌、掲載悩み分類はシミ・くすみ・毛穴の開き・黒ずみを掲載しています。,catalog-classification,keep,D,効能断定ではなくSSoTの掲載分類を明示,
after,125,ナイアード ガスールパウダー,desc,毛穴,ナイアード ガスールパウダーはナイアードの洗顔です。Moilumでは比較候補として整理し、掲載肌タイプは脂性肌・混合肌、掲載悩み分類は毛穴の開き・黒ずみを掲載しています。,catalog-classification,keep,D,効能断定ではなくSSoTの掲載分類を明示,
after,129,UNO ホイップウォッシュ,desc,毛穴,UNO ホイップウォッシュは資生堂の洗顔です。Moilumでは比較候補として整理し、掲載肌タイプは脂性肌・混合肌、掲載悩み分類は毛穴の開き・黒ずみを掲載しています。,catalog-classification,keep,D,効能断定ではなくSSoTの掲載分類を明示,
after,130,ettusais エテュセ 薬用 アクネ ジェルクリーム,desc,ニキビ,ettusais エテュセ 薬用 アクネ ジェルクリームはエテュセの保湿クリームです。Moilumでは比較候補として整理し、掲載肌タイプは脂性肌・混合肌、掲載悩み分類はニキビ・吹き出物・乾燥・かさつきを掲載しています。,catalog-classification,keep,D,効能断定ではなくSSoTの掲載分類を明示,
after,132,Abib ガムシートマスク ドクダミカーミング,desc,ニキビ,Abib ガムシートマスク ドクダミカーミングはAbibのパック・マスクです。Moilumでは比較候補として整理し、掲載肌タイプは敏感肌・混合肌、掲載悩み分類は肌荒れ・赤み・ニキビ・吹き出物を掲載しています。,catalog-classification,keep,D,効能断定ではなくSSoTの掲載分類を明示,
after,139,メンソレータム アクネス 薬用クリーム洗顔,desc,毛穴,メンソレータム アクネス 薬用クリーム洗顔はロート製薬の洗顔です。Moilumでは比較候補として整理し、掲載肌タイプは脂性肌・混合肌、掲載悩み分類はニキビ・吹き出物・毛穴の開き・黒ずみを掲載しています。,catalog-classification,keep,D,効能断定ではなくSSoTの掲載分類を明示,
after,139,メンソレータム アクネス 薬用クリーム洗顔,desc,ニキビ,メンソレータム アクネス 薬用クリーム洗顔はロート製薬の洗顔です。Moilumでは比較候補として整理し、掲載肌タイプは脂性肌・混合肌、掲載悩み分類はニキビ・吹き出物・毛穴の開き・黒ずみを掲載しています。,catalog-classification,keep,D,効能断定ではなくSSoTの掲載分類を明示,
after,142,コーセー 米肌 活潤リフト クリーム,editorialEvidence.comparisonPoints.0,改善,同ブランドの肌潤改善エッセンスは医薬部外品ですが、このクリームは化粧品です。,verified-official,keep,A,同じeditorialEvidence内の公式sourceで根拠を管理,https://maihada.jp/site/g/gPREC/
after,142,コーセー 米肌 活潤リフト クリーム,editorialEvidence.decision.compareWhen.0,改善,水分保持能改善の有効成分を持つ医薬部外品を求める,verified-official,keep,A,同じeditorialEvidence内の公式sourceで根拠を管理,https://maihada.jp/site/g/gPREC/
after,144,Anua 桃70% ナイアシン セラム,desc,毛穴,Anua 桃70% ナイアシン セラムはAnuaの美容液です。Moilumでは比較候補として整理し、掲載肌タイプは普通肌・混合肌、掲載悩み分類はシミ・くすみ・毛穴の開き・黒ずみを掲載しています。,catalog-classification,keep,D,効能断定ではなくSSoTの掲載分類を明示,
after,144,Anua 桃70% ナイアシン セラム,desc,シミ,Anua 桃70% ナイアシン セラムはAnuaの美容液です。Moilumでは比較候補として整理し、掲載肌タイプは普通肌・混合肌、掲載悩み分類はシミ・くすみ・毛穴の開き・黒ずみを掲載しています。,catalog-classification,keep,D,効能断定ではなくSSoTの掲載分類を明示,
after,147,エスティローダー マイクロ エッセンス ローション,desc,シミ,エスティローダー マイクロ エッセンス ローションはエスティローダーの化粧水です。Moilumでは比較候補として整理し、掲載肌タイプは全肌質・乾燥肌、掲載悩み分類は乾燥・かさつき・シミ・くすみを掲載しています。,catalog-classification,keep,D,効能断定ではなくSSoTの掲載分類を明示,
after,150,無印良品 クリアケア化粧水,desc,毛穴,無印良品 クリアケア化粧水は無印良品の化粧水です。Moilumでは比較候補として整理し、掲載肌タイプは脂性肌・混合肌、掲載悩み分類は毛穴の開き・黒ずみ・ニキビ・吹き出物を掲載しています。,catalog-classification,keep,D,効能断定ではなくSSoTの掲載分類を明示,
after,150,無印良品 クリアケア化粧水,desc,ニキビ,無印良品 クリアケア化粧水は無印良品の化粧水です。Moilumでは比較候補として整理し、掲載肌タイプは脂性肌・混合肌、掲載悩み分類は毛穴の開き・黒ずみ・ニキビ・吹き出物を掲載しています。,catalog-classification,keep,D,効能断定ではなくSSoTの掲載分類を明示,
after,153,VT リードルショット 100,desc,毛穴,VT リードルショット 100はVT Cosmeticsの美容液です。Moilumでは比較候補として整理し、掲載肌タイプは普通肌・混合肌、掲載悩み分類は毛穴の開き・黒ずみ・乾燥・かさつきを掲載しています。,catalog-classification,keep,D,効能断定ではなくSSoTの掲載分類を明示,
after,155,肌美精 超浸透3Dマスク エイジングケア,desc,浸透,肌美精 超浸透3Dマスク エイジングケアはクラシエのパック・マスクです。Moilumでは比較候補として整理し、掲載肌タイプは乾燥肌・普通肌、掲載悩み分類はシワ・たるみ・乾燥・かさつきを掲載しています。,catalog-classification,keep,D,効能断定ではなくSSoTの掲載分類を明示,
after,155,肌美精 超浸透3Dマスク エイジングケア,desc,エイジング,肌美精 超浸透3Dマスク エイジングケアはクラシエのパック・マスクです。Moilumでは比較候補として整理し、掲載肌タイプは乾燥肌・普通肌、掲載悩み分類はシワ・たるみ・乾燥・かさつきを掲載しています。,catalog-classification,keep,D,効能断定ではなくSSoTの掲載分類を明示,
after,156,ちふれ ウォッシャブル コールド クリーム,desc,毛穴,ちふれ ウォッシャブル コールド クリームはちふれの洗顔です。Moilumでは比較候補として整理し、掲載肌タイプは全肌質・乾燥肌、掲載悩み分類は毛穴の開き・黒ずみを掲載しています。,catalog-classification,keep,D,効能断定ではなくSSoTの掲載分類を明示,
after,157,KOSE 雪肌精 みずみずしい化粧水,editorialEvidence.decision.compareWhen.1,美白,"1,000円台の薬用美白化粧水を優先したい",verified-official,keep,B,同じeditorialEvidence内の公式sourceで根拠を管理,https://maison.kose.co.jp/site/sekkisei/g/gMTSE/
after,158,ONE THING ドクダミエキス,desc,ニキビ,ONE THING ドクダミエキスはONE THINGの化粧水です。Moilumでは比較候補として整理し、掲載肌タイプは敏感肌・脂性肌・混合肌、掲載悩み分類は肌荒れ・赤み・ニキビ・吹き出物を掲載しています。,catalog-classification,keep,D,効能断定ではなくSSoTの掲載分類を明示,
after,159,HAKU メラノフォーカスEV,editorialEvidence.comparisonPoints.1,美白,薬用美白美容液では有効成分だけでなく、世代とレフィル互換性も購入判断になります。,verified-official,keep,B,同じeditorialEvidence内の公式sourceで根拠を管理,https://www.shiseido.co.jp/haku/lineup/melanofocusiv/ | https://www.shiseido.co.jp/haku/faq/
after,159,HAKU メラノフォーカスEV,editorialEvidence.decision.compareWhen.1,美白,低価格の薬用美白美容液を優先したい,verified-official,keep,B,同じeditorialEvidence内の公式sourceで根拠を管理,https://www.shiseido.co.jp/haku/lineup/melanofocusiv/ | https://www.shiseido.co.jp/haku/faq/
after,161,ロート製薬 メラノCC 薬用しみ対策 美白化粧水,desc,毛穴,ロート製薬 メラノCC 薬用しみ対策 美白化粧水はロート製薬の化粧水です。Moilumでは比較候補として整理し、掲載肌タイプは普通肌・脂性肌、掲載悩み分類はシミ・くすみ・毛穴の開き・黒ずみを掲載しています。,catalog-classification,keep,D,効能断定ではなくSSoTの掲載分類を明示,
after,161,ロート製薬 メラノCC 薬用しみ対策 美白化粧水,desc,美白,ロート製薬 メラノCC 薬用しみ対策 美白化粧水はロート製薬の化粧水です。Moilumでは比較候補として整理し、掲載肌タイプは普通肌・脂性肌、掲載悩み分類はシミ・くすみ・毛穴の開き・黒ずみを掲載しています。,catalog-classification,keep,D,効能断定ではなくSSoTの掲載分類を明示,
after,161,ロート製薬 メラノCC 薬用しみ対策 美白化粧水,desc,シミ,ロート製薬 メラノCC 薬用しみ対策 美白化粧水はロート製薬の化粧水です。Moilumでは比較候補として整理し、掲載肌タイプは普通肌・脂性肌、掲載悩み分類はシミ・くすみ・毛穴の開き・黒ずみを掲載しています。,catalog-classification,keep,D,効能断定ではなくSSoTの掲載分類を明示,
after,165,ファンケル ディープクリア洗顔パウダー,desc,毛穴,ファンケル ディープクリア洗顔パウダーはファンケルの洗顔です。Moilumでは比較候補として整理し、掲載肌タイプは全肌質・混合肌、掲載悩み分類は毛穴の開き・黒ずみを掲載しています。,catalog-classification,keep,D,効能断定ではなくSSoTの掲載分類を明示,
after,169,Torriden ビタCブライトニングアンプル,desc,毛穴,Torriden ビタCブライトニングアンプルはTorridenの美容液です。Moilumでは比較候補として整理し、掲載肌タイプは普通肌・混合肌、掲載悩み分類はシミ・くすみ・毛穴の開き・黒ずみを掲載しています。,catalog-classification,keep,D,効能断定ではなくSSoTの掲載分類を明示,
after,169,Torriden ビタCブライトニングアンプル,desc,シミ,Torriden ビタCブライトニングアンプルはTorridenの美容液です。Moilumでは比較候補として整理し、掲載肌タイプは普通肌・混合肌、掲載悩み分類はシミ・くすみ・毛穴の開き・黒ずみを掲載しています。,catalog-classification,keep,D,効能断定ではなくSSoTの掲載分類を明示,
after,170,ナンバーズイン 5番 ビタミンCブライトニングセラム,desc,シミ,ナンバーズイン 5番 ビタミンCブライトニングセラムはnumbuzinの美容液です。Moilumでは比較候補として整理し、掲載肌タイプは普通肌・混合肌、掲載悩み分類はシミ・くすみを掲載しています。,catalog-classification,keep,D,効能断定ではなくSSoTの掲載分類を明示,
after,172,ダルバ ウォーターフルトーンアップサンクリーム,desc,シミ,ダルバ ウォーターフルトーンアップサンクリームはdalbaの日焼け止めです。Moilumでは比較候補として整理し、掲載肌タイプは全肌質・乾燥肌、掲載悩み分類はシミ・くすみ・乾燥・かさつきを掲載しています。,catalog-classification,keep,D,効能断定ではなくSSoTの掲載分類を明示,
after,173,ロート製薬 メラノCC 美白パック,desc,毛穴,ロート製薬 メラノCC 美白パックはロート製薬のパック・マスクです。Moilumでは比較候補として整理し、掲載肌タイプは普通肌・脂性肌、掲載悩み分類はシミ・くすみ・毛穴の開き・黒ずみを掲載しています。,catalog-classification,keep,D,効能断定ではなくSSoTの掲載分類を明示,
after,173,ロート製薬 メラノCC 美白パック,desc,美白,ロート製薬 メラノCC 美白パックはロート製薬のパック・マスクです。Moilumでは比較候補として整理し、掲載肌タイプは普通肌・脂性肌、掲載悩み分類はシミ・くすみ・毛穴の開き・黒ずみを掲載しています。,catalog-classification,keep,D,効能断定ではなくSSoTの掲載分類を明示,
after,173,ロート製薬 メラノCC 美白パック,desc,シミ,ロート製薬 メラノCC 美白パックはロート製薬のパック・マスクです。Moilumでは比較候補として整理し、掲載肌タイプは普通肌・脂性肌、掲載悩み分類はシミ・くすみ・毛穴の開き・黒ずみを掲載しています。,catalog-classification,keep,D,効能断定ではなくSSoTの掲載分類を明示,
after,177,コーセー 米肌 肌潤改善エッセンス,desc,改善,コーセー 米肌 肌潤改善エッセンスはコーセーの美容液です。ライスパワーNo.11を有効成分とし、皮膚水分保持能の改善を承認範囲として掲げる医薬部外品です。 内容量は30mL。,verified-official,keep,A,公式確認済み特徴または仕様から生成,https://maihada.jp/site/g/gPRBE/
after,177,コーセー 米肌 肌潤改善エッセンス,editorialEvidence.officialFeatures.0,改善,ライスパワーNo.11を有効成分とし、皮膚水分保持能の改善を承認範囲として掲げる医薬部外品です。,verified-official,keep,A,同じeditorialEvidence内の公式sourceで根拠を管理,https://maihada.jp/site/g/gPRBE/
after,178,エスティローダー アドバンス ナイト リペア SMR コンプレックス,desc,シミ,エスティローダー アドバンス ナイト リペア SMR コンプレックスはエスティローダーの美容液です。Moilumでは比較候補として整理し、掲載肌タイプは全肌質・乾燥肌、掲載悩み分類はシワ・たるみ・シミ・くすみを掲載しています。,catalog-classification,keep,D,効能断定ではなくSSoTの掲載分類を明示,
after,187,ビオレ UV キービジュアルデザイン アクアリッチ ライトアップエッセンス,desc,シミ,ビオレ UV キービジュアルデザイン アクアリッチ ライトアップエッセンスは花王の日焼け止めです。Moilumでは比較候補として整理し、掲載肌タイプは全肌質・混合肌、掲載悩み分類はシミ・くすみを掲載しています。,catalog-classification,keep,D,効能断定ではなくSSoTの掲載分類を明示,
after,191,メンソレータム アクネス25 メディカルミルク,desc,ニキビ,メンソレータム アクネス25 メディカルミルクはロート製薬の保湿クリームです。Moilumでは比較候補として整理し、掲載肌タイプは脂性肌・混合肌、掲載悩み分類はニキビ・吹き出物・乾燥・かさつきを掲載しています。,catalog-classification,keep,D,効能断定ではなくSSoTの掲載分類を明示,
after,193,ロゼット 洗顔パスタ アクネクリア,editorialEvidence.comparisonPoints.1,ニキビ,ニキビ予防系洗顔では有効成分、容量、1回量を比較できます。,verified-official,keep,A,同じeditorialEvidence内の公式sourceで根拠を管理,https://www.rosette.jp/Form/Product/ProductDetail.aspx?pid=054186-900&shop=0 | https://www.rosette.jp/Page/guide_faq.aspx
after,193,ロゼット 洗顔パスタ アクネクリア,editorialEvidence.decision.chooseWhen.0,ニキビ,医薬部外品のニキビ予防洗顔を探している,verified-official,keep,A,同じeditorialEvidence内の公式sourceで根拠を管理,https://www.rosette.jp/Form/Product/ProductDetail.aspx?pid=054186-900&shop=0 | https://www.rosette.jp/Page/guide_faq.aspx
after,194,BULK HOMME ザ フェイスウォッシュ,desc,毛穴,BULK HOMME ザ フェイスウォッシュはBULK HOMMEの洗顔です。Moilumでは比較候補として整理し、掲載肌タイプは全肌質・混合肌、掲載悩み分類は毛穴の開き・黒ずみ・乾燥・かさつきを掲載しています。,catalog-classification,keep,D,効能断定ではなくSSoTの掲載分類を明示,
after,196,グーダル 青みかんビタCクレンジングフォーム,editorialEvidence.decision.compareWhen.0,ニキビ,ニキビ予防の承認効能を持つ医薬部外品を希望する,verified-official,keep,A,同じeditorialEvidence内の公式sourceで根拠を管理,https://goodalcosmetic.jp/products/goodal-green-tangerine-dark-spot-c-v%E3%82%AF%E3%83%AC%E3%83%B3%E3%82%B8%E3%83%B3%E3%82%B0%E3%83%95%E3%82%A9%E3%83%BC%E3%83%A0-150ml | https://prtimes.jp/main/html/rd/p/000000043.000056098.html
after,198,Obagi C洗顔フォーム,desc,毛穴,Obagi C洗顔フォームはロート製薬の洗顔です。Moilumでは比較候補として整理し、掲載肌タイプは普通肌・混合肌、掲載悩み分類は毛穴の開き・黒ずみ・シミ・くすみを掲載しています。,catalog-classification,keep,D,効能断定ではなくSSoTの掲載分類を明示,
after,198,Obagi C洗顔フォーム,desc,シミ,Obagi C洗顔フォームはロート製薬の洗顔です。Moilumでは比較候補として整理し、掲載肌タイプは普通肌・混合肌、掲載悩み分類は毛穴の開き・黒ずみ・シミ・くすみを掲載しています。,catalog-classification,keep,D,効能断定ではなくSSoTの掲載分類を明示,
after,200,VT CICA マイルドクレンジングフォーム,desc,ニキビ,VT CICA マイルドクレンジングフォームはVT Cosmeticsの洗顔です。Moilumでは比較候補として整理し、掲載肌タイプは敏感肌・混合肌、掲載悩み分類は肌荒れ・赤み・ニキビ・吹き出物を掲載しています。,catalog-classification,keep,D,効能断定ではなくSSoTの掲載分類を明示,
after,202,ファンケル 洗顔パウダー,desc,毛穴,ファンケル 洗顔パウダーはファンケルの洗顔です。Moilumでは比較候補として整理し、掲載肌タイプは全肌質・混合肌、掲載悩み分類は毛穴の開き・黒ずみ・乾燥・かさつきを掲載しています。,catalog-classification,keep,D,効能断定ではなくSSoTの掲載分類を明示,
after,203,ロート製薬 メラノCC ディープデイケアUV乳液,editorialEvidence.comparisonPoints.1,美白,薬用美白美容液ではなく化粧品のUV乳液です。,verified-official,keep,A,同じeditorialEvidence内の公式sourceで根拠を管理,https://www.shop.rohto.co.jp/category/skincare/melanocc/191048.html
after,203,ロート製薬 メラノCC ディープデイケアUV乳液,editorialEvidence.decision.compareWhen.1,美白,医薬部外品の美白美容液を探している,verified-official,keep,A,同じeditorialEvidence内の公式sourceで根拠を管理,https://www.shop.rohto.co.jp/category/skincare/melanocc/191048.html
after,205,d プログラム 薬用 アクネケア美容液,editorialEvidence.comparisonPoints.1,ニキビ,ニキビ予防系では、洗顔料や化粧水ではなく美容液工程に置く商品です。,verified-official,keep,A,同じeditorialEvidence内の公式sourceで根拠を管理,https://www.shiseido.co.jp/dprogram/product/acnecare_serum/ | https://www.shiseido.co.jp/sw/onlinestore/products/H26401.html
after,205,d プログラム 薬用 アクネケア美容液,editorialEvidence.decision.compareWhen.1,ニキビ,洗顔や化粧水だけでニキビ予防ケアを組みたい,verified-official,keep,A,同じeditorialEvidence内の公式sourceで根拠を管理,https://www.shiseido.co.jp/dprogram/product/acnecare_serum/ | https://www.shiseido.co.jp/sw/onlinestore/products/H26401.html
after,207,ビオレ おうちdeエステ 洗顔ジェル,desc,毛穴,ビオレ おうちdeエステ 洗顔ジェルは花王の洗顔です。Moilumでは比較候補として整理し、掲載肌タイプは全肌質・混合肌、掲載悩み分類は毛穴の開き・黒ずみを掲載しています。,catalog-classification,keep,D,効能断定ではなくSSoTの掲載分類を明示,
after,215,洗顔料＆泡立てネットセット THE FACE WASH＆THE BUBBLE,desc,毛穴,洗顔料＆泡立てネットセット THE FACE WASH＆THE BUBBLEはBULK HOMMEの洗顔です。Moilumでは比較候補として整理し、掲載肌タイプは混合肌・脂性肌、掲載悩み分類は毛穴の開き・黒ずみを掲載しています。,catalog-classification,keep,D,効能断定ではなくSSoTの掲載分類を明示,
after,216,ギャツビー フェイシャルウォッシュ パーフェクトスクラブ,desc,毛穴,ギャツビー フェイシャルウォッシュ パーフェクトスクラブはGATSBYの洗顔です。Moilumでは比較候補として整理し、掲載肌タイプは混合肌・脂性肌、掲載悩み分類は毛穴の開き・黒ずみを掲載しています。,catalog-classification,keep,D,効能断定ではなくSSoTの掲載分類を明示,
after,218,ウーノ uno ホイップウォッシュ 3+おまけ 炭 洗顔 アブラ テカリ サラサラ,desc,毛穴,ウーノ uno ホイップウォッシュ 3+おまけ 炭 洗顔 アブラ テカリ サラサラはUNOの洗顔です。Moilumでは比較候補として整理し、掲載肌タイプは脂性肌、掲載悩み分類は毛穴の開き・黒ずみを掲載しています。,catalog-classification,keep,D,効能断定ではなくSSoTの掲載分類を明示,
after,219,リップスボーイ 薬用フェイスウォッシュ 150ml 濃密 泡洗顔 メンズ,desc,毛穴,リップスボーイ 薬用フェイスウォッシュ 150ml 濃密 泡洗顔 メンズはLIPPS BOYの洗顔です。Moilumでは比較候補として整理し、掲載肌タイプは混合肌・脂性肌、掲載悩み分類は毛穴の開き・黒ずみを掲載しています。,catalog-classification,keep,D,効能断定ではなくSSoTの掲載分類を明示,
after,221,ニベアUV ニベアメン UVプロテクトジェル 40g SPF50+ PA+++,desc,シミ,ニベアUV ニベアメン UVプロテクトジェル 40g SPF50+ PA+++はニベアメンの日焼け止めです。Moilumでは比較候補として整理し、掲載肌タイプは混合肌・脂性肌、掲載悩み分類はシミ・くすみを掲載しています。,catalog-classification,keep,D,効能断定ではなくSSoTの掲載分類を明示,
after,222,アネッサ パーフェクトUV スキンケアジェル NB,desc,シミ,アネッサ パーフェクトUV スキンケアジェル NBはアネッサの日焼け止めです。Moilumでは比較候補として整理し、掲載肌タイプは全肌質・混合肌・脂性肌、掲載悩み分類はシミ・くすみを掲載しています。,catalog-classification,keep,D,効能断定ではなくSSoTの掲載分類を明示,
after,226,ニベアメン フェイスウォッシュ モイスト,desc,毛穴,ニベアメン フェイスウォッシュ モイストはニベアメンの洗顔です。Moilumでは比較候補として整理し、掲載肌タイプは混合肌・脂性肌、掲載悩み分類は毛穴の開き・黒ずみを掲載しています。,catalog-classification,keep,D,効能断定ではなくSSoTの掲載分類を明示,
after,229,ストーリア MARO マーロ 全身用クレンジングソープ つめかえ用 詰め替え用,desc,毛穴,ストーリア MARO マーロ 全身用クレンジングソープ つめかえ用 詰め替え用はMAROの洗顔です。Moilumでは比較候補として整理し、掲載肌タイプは混合肌・脂性肌、掲載悩み分類は毛穴の開き・黒ずみを掲載しています。,catalog-classification,keep,D,効能断定ではなくSSoTの掲載分類を明示,
after,233,OXY ディープウォッシュ 130g,desc,毛穴,OXY ディープウォッシュ 130gはOXYの洗顔です。Moilumでは比較候補として整理し、掲載肌タイプは混合肌・脂性肌、掲載悩み分類は毛穴の開き・黒ずみを掲載しています。,catalog-classification,keep,D,効能断定ではなくSSoTの掲載分類を明示,
after,234,NULL 薬用アクネブロックフェイスウォッシュ 本体/ライムシトラス,desc,ニキビ,NULL 薬用アクネブロックフェイスウォッシュ 本体/ライムシトラスはNULLの洗顔です。Moilumでは比較候補として整理し、掲載肌タイプは混合肌・脂性肌、掲載悩み分類はニキビ・吹き出物を掲載しています。,catalog-classification,keep,D,効能断定ではなくSSoTの掲載分類を明示,
after,235,ウーノ UVパーフェクションジェル fA 80g 男性化粧品 フェイス用,desc,シミ,ウーノ UVパーフェクションジェル fA 80g 男性化粧品 フェイス用はUNOの日焼け止めです。Moilumでは比較候補として整理し、掲載肌タイプは混合肌・脂性肌、掲載悩み分類はシミ・くすみを掲載しています。,catalog-classification,keep,D,効能断定ではなくSSoTの掲載分類を明示,
after,236,コーセーコスメポート サンカット パーフェクトUV スプレー SPF50,desc,シミ,コーセーコスメポート サンカット パーフェクトUV スプレー SPF50はコーセーの日焼け止めです。Moilumでは比較候補として整理し、掲載肌タイプは混合肌・脂性肌、掲載悩み分類はシミ・くすみを掲載しています。,catalog-classification,keep,D,効能断定ではなくSSoTの掲載分類を明示,
after,241,ロート スキンアクア ネクスタ シールド セラム UV ミルク 50ml,desc,シミ,ロート スキンアクア ネクスタ シールド セラム UV ミルク 50mlはロート製薬の日焼け止めです。Moilumでは比較候補として整理し、掲載肌タイプは混合肌・脂性肌、掲載悩み分類はシミ・くすみを掲載しています。,catalog-classification,keep,D,効能断定ではなくSSoTの掲載分類を明示,
after,242,KATAN Cica ダーマヒットセラム5 30g シカ ニードルショット 敏感肌,desc,ニキビ,KATAN Cica ダーマヒットセラム5 30g シカ ニードルショット 敏感肌はKATANの美容液です。Moilumでは比較候補として整理し、掲載肌タイプは敏感肌・混合肌、掲載悩み分類は肌荒れ・赤み・ニキビ・吹き出物を掲載しています。,catalog-classification,keep,D,効能断定ではなくSSoTの掲載分類を明示,
after,244,メラノCC 薬用 しみ集中対策 プレミアム美容液 20ml,desc,シミ,メラノCC 薬用 しみ集中対策 プレミアム美容液 20mlはロート製薬の美容液です。Moilumでは比較候補として整理し、掲載肌タイプは普通肌・混合肌・脂性肌、掲載悩み分類はシミ・くすみ・ニキビ・吹き出物を掲載しています。,catalog-classification,keep,D,効能断定ではなくSSoTの掲載分類を明示,
after,244,メラノCC 薬用 しみ集中対策 プレミアム美容液 20ml,desc,ニキビ,メラノCC 薬用 しみ集中対策 プレミアム美容液 20mlはロート製薬の美容液です。Moilumでは比較候補として整理し、掲載肌タイプは普通肌・混合肌・脂性肌、掲載悩み分類はシミ・くすみ・ニキビ・吹き出物を掲載しています。,catalog-classification,keep,D,効能断定ではなくSSoTの掲載分類を明示,
after,245,スキンライフ 薬用洗顔フォーム,desc,ニキビ,スキンライフ 薬用洗顔フォームは牛乳石鹸の洗顔です。Moilumでは比較候補として整理し、掲載肌タイプは混合肌・脂性肌・敏感肌、掲載悩み分類はニキビ・吹き出物・肌荒れ・赤みを掲載しています。,catalog-classification,keep,D,効能断定ではなくSSoTの掲載分類を明示,
after,247,クラシエ 肌美精 大人のニキビ対策 薬用美白化粧水 200mL 医薬部外品,desc,美白,クラシエ 肌美精 大人のニキビ対策 薬用美白化粧水 200mL 医薬部外品はクラシエの化粧水です。Moilumでは比較候補として整理し、掲載肌タイプは混合肌・乾燥肌、掲載悩み分類はニキビ・吹き出物・シミ・くすみを掲載しています。,catalog-classification,keep,D,効能断定ではなくSSoTの掲載分類を明示,
after,247,クラシエ 肌美精 大人のニキビ対策 薬用美白化粧水 200mL 医薬部外品,desc,シミ,クラシエ 肌美精 大人のニキビ対策 薬用美白化粧水 200mL 医薬部外品はクラシエの化粧水です。Moilumでは比較候補として整理し、掲載肌タイプは混合肌・乾燥肌、掲載悩み分類はニキビ・吹き出物・シミ・くすみを掲載しています。,catalog-classification,keep,D,効能断定ではなくSSoTの掲載分類を明示,
after,247,クラシエ 肌美精 大人のニキビ対策 薬用美白化粧水 200mL 医薬部外品,desc,ニキビ,クラシエ 肌美精 大人のニキビ対策 薬用美白化粧水 200mL 医薬部外品はクラシエの化粧水です。Moilumでは比較候補として整理し、掲載肌タイプは混合肌・乾燥肌、掲載悩み分類はニキビ・吹き出物・シミ・くすみを掲載しています。,catalog-classification,keep,D,効能断定ではなくSSoTの掲載分類を明示,
after,248,肌美精 大人のニキビ対策 薬用美白クリーム 50g 医薬部外品,desc,美白,肌美精 大人のニキビ対策 薬用美白クリーム 50g 医薬部外品はクラシエの保湿クリームです。Moilumでは比較候補として整理し、掲載肌タイプは混合肌・乾燥肌、掲載悩み分類はニキビ・吹き出物・シミ・くすみを掲載しています。,catalog-classification,keep,D,効能断定ではなくSSoTの掲載分類を明示,
after,248,肌美精 大人のニキビ対策 薬用美白クリーム 50g 医薬部外品,desc,シミ,肌美精 大人のニキビ対策 薬用美白クリーム 50g 医薬部外品はクラシエの保湿クリームです。Moilumでは比較候補として整理し、掲載肌タイプは混合肌・乾燥肌、掲載悩み分類はニキビ・吹き出物・シミ・くすみを掲載しています。,catalog-classification,keep,D,効能断定ではなくSSoTの掲載分類を明示,
after,248,肌美精 大人のニキビ対策 薬用美白クリーム 50g 医薬部外品,desc,ニキビ,肌美精 大人のニキビ対策 薬用美白クリーム 50g 医薬部外品はクラシエの保湿クリームです。Moilumでは比較候補として整理し、掲載肌タイプは混合肌・乾燥肌、掲載悩み分類はニキビ・吹き出物・シミ・くすみを掲載しています。,catalog-classification,keep,D,効能断定ではなくSSoTの掲載分類を明示,
after,265,肌美精 CHOI 薬用泡洗顔 ニキビケア(160ml),desc,ニキビ,肌美精 CHOI 薬用泡洗顔 ニキビケア(160ml)は肌美精の洗顔です。楽天市場の商品価格ナビAPIで、2026-08-11時点で購入可能な販売情報と商品画像を確認しています。参考価格は購入可能な店舗の最低価格で、成分・使用感・肌との相性は未確認です。,catalog-classification,keep,D,効能断定ではなくSSoTの掲載分類を明示,
after,327,ダヴ 薬用ニキビケア クリーミー泡洗顔料(160ml),desc,ニキビ,ダヴ 薬用ニキビケア クリーミー泡洗顔料(160ml)はダヴ(Dove) 泡洗顔の洗顔です。楽天市場の商品価格ナビAPIで、2026-08-11時点で購入可能な販売情報と商品画像を確認しています。参考価格は購入可能な店舗の最低価格で、成分・使用感・肌との相性は未確認です。,catalog-classification,keep,D,効能断定ではなくSSoTの掲載分類を明示,
after,336,メンズビオレ ザフェイス 毛穴汚れクリア 本体(200ml),desc,毛穴,メンズビオレ ザフェイス 毛穴汚れクリア 本体(200ml)はメンズビオレの洗顔です。楽天市場の商品価格ナビAPIで、2026-08-11時点で購入可能な販売情報と商品画像を確認しています。参考価格は購入可能な店舗の最低価格で、成分・使用感・肌との相性は未確認です。,catalog-classification,keep,D,効能断定ではなくSSoTの掲載分類を明示,
after,353,DECENCIA アヤナス モイストバリアミスト 50ml,desc,バリア,DECENCIA アヤナス モイストバリアミスト 50mlはディセンシアの化粧水です。楽天市場の商品価格ナビAPIで、2026-08-11時点で購入可能な販売情報と商品画像を確認しています。参考価格は購入可能な店舗の最低価格で、成分・使用感・肌との相性は未確認です。,catalog-classification,keep,D,効能断定ではなくSSoTの掲載分類を明示,
after,363,GRACEONE(グレイスワン) 薬用 美白濃密液 230ml,desc,美白,GRACEONE(グレイスワン) 薬用 美白濃密液 230mlはグレイスワンの化粧水です。楽天市場の商品価格ナビAPIで、2026-08-11時点で購入可能な販売情報と商品画像を確認しています。参考価格は購入可能な店舗の最低価格で、成分・使用感・肌との相性は未確認です。,catalog-classification,keep,D,効能断定ではなくSSoTの掲載分類を明示,
after,371,DR.G ダーモイスチャー バリアDリキッドトナー(200ml),desc,バリア,DR.G ダーモイスチャー バリアDリキッドトナー(200ml)はドクタージーの化粧水です。楽天市場の商品価格ナビAPIで、2026-08-11時点で購入可能な販売情報と商品画像を確認しています。参考価格は購入可能な店舗の最低価格で、成分・使用感・肌との相性は未確認です。,catalog-classification,keep,D,効能断定ではなくSSoTの掲載分類を明示,
after,394,肌をうるおす保湿 浸透水 バランシング 詰替用(110ml),desc,浸透,肌をうるおす保湿 浸透水 バランシング 詰替用(110ml)は肌をうるおす保湿スキンケアの化粧水です。楽天市場の商品価格ナビAPIで、2026-08-11時点で購入可能な販売情報と商品画像を確認しています。参考価格は購入可能な店舗の最低価格で、成分・使用感・肌との相性は未確認です。,catalog-classification,keep,D,効能断定ではなくSSoTの掲載分類を明示,
after,434,ベーテル 保湿ローション 容量:300ml 23-6551-00 保湿 低刺激 弱酸性 乾燥肌 ベーテル 赤ちゃん お年寄り スクワラン セラミド アルギニン,desc,低刺激,ベーテル 保湿ローション 容量:300ml 23-6551-00 保湿 低刺激 弱酸性 乾燥肌 ベーテル 赤ちゃん お年寄り スクワラン セラミド アルギニンはベーテル・プラスの化粧水です。楽天市場の商品価格ナビAPIで、2026-08-11時点で購入可能な販売情報と商品画像を確認しています。参考価格は購入可能な店舗の最低価格で、成分・使用感・肌との相性は未確認です。,catalog-classification,keep,D,効能断定ではなくSSoTの掲載分類を明示,
after,435,パーフェクトワン 薬用SPホワイトニングローション美白化粧水 スキンケア,desc,美白,パーフェクトワン 薬用SPホワイトニングローション美白化粧水 スキンケアは新日本製薬の化粧水です。楽天市場の商品価格ナビAPIで、2026-08-11時点で購入可能な販売情報と商品画像を確認しています。参考価格は購入可能な店舗の最低価格で、成分・使用感・肌との相性は未確認です。,catalog-classification,keep,D,効能断定ではなくSSoTの掲載分類を明示,
after,447,ルシェリ リンクルリペア ローション 薬用シワ改善化粧水(160ml),desc,改善,ルシェリ リンクルリペア ローション 薬用シワ改善化粧水(160ml)はルシェリ(LECHERI)の化粧水です。楽天市場の商品価格ナビAPIで、2026-08-11時点で購入可能な販売情報と商品画像を確認しています。参考価格は購入可能な店舗の最低価格で、成分・使用感・肌との相性は未確認です。,catalog-classification,keep,D,効能断定ではなくSSoTの掲載分類を明示,
after,447,ルシェリ リンクルリペア ローション 薬用シワ改善化粧水(160ml),desc,シワ改善,ルシェリ リンクルリペア ローション 薬用シワ改善化粧水(160ml)はルシェリ(LECHERI)の化粧水です。楽天市場の商品価格ナビAPIで、2026-08-11時点で購入可能な販売情報と商品画像を確認しています。参考価格は購入可能な店舗の最低価格で、成分・使用感・肌との相性は未確認です。,catalog-classification,keep,D,効能断定ではなくSSoTの掲載分類を明示,
after,451,ヤクルト化粧品 リベシィホワイト 薬用美白乳液 110ml,desc,美白,ヤクルト化粧品 リベシィホワイト 薬用美白乳液 110mlはヤクルト本社の乳液です。楽天市場の商品価格ナビAPIで、2026-08-11時点で購入可能な販売情報と商品画像を確認しています。参考価格は購入可能な店舗の最低価格で、成分・使用感・肌との相性は未確認です。,catalog-classification,keep,D,効能断定ではなくSSoTの掲載分類を明示,
after,454,ちふれ 美白乳液 TA シナモロールコラボ(150mL),desc,美白,ちふれ 美白乳液 TA シナモロールコラボ(150mL)はちふれの乳液です。楽天市場の商品価格ナビAPIで、2026-08-11時点で購入可能な販売情報と商品画像を確認しています。参考価格は購入可能な店舗の最低価格で、成分・使用感・肌との相性は未確認です。,catalog-classification,keep,D,効能断定ではなくSSoTの掲載分類を明示,
after,522,日本オリーブ オリーブマノン 薬用美白乳液 100ml,desc,美白,日本オリーブ オリーブマノン 薬用美白乳液 100mlは日本オリーブの乳液です。楽天市場の商品価格ナビAPIで、2026-08-11時点で購入可能な販売情報と商品画像を確認しています。参考価格は購入可能な店舗の最低価格で、成分・使用感・肌との相性は未確認です。,catalog-classification,keep,D,効能断定ではなくSSoTの掲載分類を明示,
after,524,資生堂 プリオール おしろい美白乳液 シースルーカバー(31ml),desc,美白,資生堂 プリオール おしろい美白乳液 シースルーカバー(31ml)はプリオール(PRIOR)の乳液です。楽天市場の商品価格ナビAPIで、2026-08-11時点で購入可能な販売情報と商品画像を確認しています。参考価格は購入可能な店舗の最低価格で、成分・使用感・肌との相性は未確認です。,catalog-classification,keep,D,効能断定ではなくSSoTの掲載分類を明示,
after,555,マイノロジ｜MINOLOGI 薬用シミネールEX,desc,シミ,マイノロジ｜MINOLOGI 薬用シミネールEXはマイノロジの美容液です。楽天市場の商品価格ナビAPIで、2026-08-11時点で購入可能な販売情報と商品画像を確認しています。参考価格は購入可能な店舗の最低価格で、成分・使用感・肌との相性は未確認です。,catalog-classification,keep,D,効能断定ではなくSSoTの掲載分類を明示,
after,571,ソフィーナiP インターリンク セラム 毛穴の目立たない澄んだうるおい肌へ つけかえ用(55g),desc,毛穴,ソフィーナiP インターリンク セラム 毛穴の目立たない澄んだうるおい肌へ つけかえ用(55g)はソフィーナiPの美容液です。楽天市場の商品価格ナビAPIで、2026-08-11時点で購入可能な販売情報と商品画像を確認しています。参考価格は購入可能な店舗の最低価格で、成分・使用感・肌との相性は未確認です。,catalog-classification,keep,D,効能断定ではなくSSoTの掲載分類を明示,
after,604,エリクシール ブースターエッセンス C 導入美容液 エイジングケア きめ 炭酸配合泡(90g),desc,エイジング,エリクシール ブースターエッセンス C 導入美容液 エイジングケア きめ 炭酸配合泡(90g)はエリクシール(ELIXIR)の美容液です。楽天市場の商品価格ナビAPIで、2026-08-11時点で購入可能な販売情報と商品画像を確認しています。参考価格は購入可能な店舗の最低価格で、成分・使用感・肌との相性は未確認です。,catalog-classification,keep,D,効能断定ではなくSSoTの掲載分類を明示,
after,612,Re'senza リセンザ アスタキサンチン エイジングケア エッセンス(美容液),desc,エイジング,Re'senza リセンザ アスタキサンチン エイジングケア エッセンス(美容液)はRe'senzaの美容液です。楽天市場の商品価格ナビAPIで、2026-08-11時点で購入可能な販売情報と商品画像を確認しています。参考価格は購入可能な店舗の最低価格で、成分・使用感・肌との相性は未確認です。,catalog-classification,keep,D,効能断定ではなくSSoTの掲載分類を明示,
after,639,米肌 MAIHADA 肌潤美白エッセンス 本体/しっとり 30ml,desc,美白,米肌 MAIHADA 肌潤美白エッセンス 本体/しっとり 30mlはコーセーの美容液です。楽天市場の商品価格ナビAPIで、2026-08-11時点で購入可能な販売情報と商品画像を確認しています。参考価格は購入可能な店舗の最低価格で、成分・使用感・肌との相性は未確認です。,catalog-classification,keep,D,効能断定ではなくSSoTの掲載分類を明示,
